accession	accession_version	strain	date	region	country	division	location	length	host	is_lab_host	date_released	date_updated	sra_accessions	authors	abbr_authors	institution	clade_membership
KM822128	KM822128.1	Pinneo-NIG-1969	1969-XX-XX	Africa	Nigeria			3428			2014-10-14	2014-10-14		"Andersen,K.G.,Shapiro,B.J.,Matranga,C.B.,Gire,S.K.,Sealfon,R.,England,E.M.,Winnicki,S.,Moses,L.M.,Stremlau,M.,Folarin,O.,Odia,I.,Ehiane,P.,Goba,A.,Momoh,M.,Gnirke,A.,Birren,B.,Hensley,L.,Levin,J.Z.,Happi,C.T.,Garry,R.F.,Sabeti,P.C."	Andersen et al.	Broad Institute	LI
KM821976	KM821976.1	ISTH2066-NIG-2012	2012-XX-XX	Africa	Nigeria			3406	Homo sapiens		2014-10-14	2014-10-14		"Andersen,K.G.,Shapiro,B.J.,Matranga,C.B.,Gire,S.K.,Sealfon,R.,England,E.M.,Winnicki,S.,Moses,L.M.,Stremlau,M.,Folarin,O.,Odia,I.,Ehiane,P.,Goba,A.,Momoh,M.,Gnirke,A.,Birren,B.,Hensley,L.,Levin,J.Z.,Happi,C.T.,Garry,R.F.,Sabeti,P.C."	Andersen et al.	Broad Institute	LII
KM821977	KM821977.1	ISTH2069-NIG-2012	2012-XX-XX	Africa	Nigeria			3397	Homo sapiens		2014-10-14	2014-10-14		"Andersen,K.G.,Shapiro,B.J.,Matranga,C.B.,Gire,S.K.,Sealfon,R.,England,E.M.,Winnicki,S.,Moses,L.M.,Stremlau,M.,Folarin,O.,Odia,I.,Ehiane,P.,Goba,A.,Momoh,M.,Gnirke,A.,Birren,B.,Hensley,L.,Levin,J.Z.,Happi,C.T.,Garry,R.F.,Sabeti,P.C."	Andersen et al.	Broad Institute	LII
KM821982	KM821982.1	ISTH2129-NIG-2012	2012-XX-XX	Africa	Nigeria			3408	Homo sapiens		2014-10-14	2014-10-14		"Andersen,K.G.,Shapiro,B.J.,Matranga,C.B.,Gire,S.K.,Sealfon,R.,England,E.M.,Winnicki,S.,Moses,L.M.,Stremlau,M.,Folarin,O.,Odia,I.,Ehiane,P.,Goba,A.,Momoh,M.,Gnirke,A.,Birren,B.,Hensley,L.,Levin,J.Z.,Happi,C.T.,Garry,R.F.,Sabeti,P.C."	Andersen et al.	Broad Institute	LII
KM822063	KM822063.1	LASV736-NIG-2009	2009-XX-XX	Africa	Nigeria			3389	Homo sapiens		2014-10-14	2014-10-14		"Andersen,K.G.,Shapiro,B.J.,Matranga,C.B.,Gire,S.K.,Sealfon,R.,England,E.M.,Winnicki,S.,Moses,L.M.,Stremlau,M.,Folarin,O.,Odia,I.,Ehiane,P.,Goba,A.,Momoh,M.,Gnirke,A.,Birren,B.,Hensley,L.,Levin,J.Z.,Happi,C.T.,Garry,R.F.,Sabeti,P.C."	Andersen et al.	Broad Institute	LII
KM822091	KM822091.1	LASV989-NIG-2009	2009-XX-XX	Africa	Nigeria			3408	Homo sapiens		2014-10-14	2014-10-14		"Andersen,K.G.,Shapiro,B.J.,Matranga,C.B.,Gire,S.K.,Sealfon,R.,England,E.M.,Winnicki,S.,Moses,L.M.,Stremlau,M.,Folarin,O.,Odia,I.,Ehiane,P.,Goba,A.,Momoh,M.,Gnirke,A.,Birren,B.,Hensley,L.,Levin,J.Z.,Happi,C.T.,Garry,R.F.,Sabeti,P.C."	Andersen et al.	Broad Institute	LII
LC387486	LC387486.1	Nig16-13	2016-XX-XX	Africa	Nigeria	Ebonyi		3273	Homo sapiens		2018-12-01	2023-06-17		"Oloniniyi,O.K.,Unigwe,U.S.,Okada,S.,Kimura,M.,Koyano,S.,Miyazaki,Y.,Iroezindu,M.O.,Ajayi,N.A.,Chukwubike,C.M.,Chika-Igwenyi,N.M.,Ndu,A.C.,Nwidi,D.U.,Abe,H.,Urata,S.,Kurosaki,Y.,Yasuda,J."	Oloniniyi et al.	"Nagasaki University, Department of Emerging Infectious Diseases; 1-12-4 Sakamoto, Nagasaki, Nagasaki 852-8523"	LII
MH053488	MH053488.1	Lassa virus/H.sapiens-wt/NGA/2016/ISTH_1250	2016-05-18	Africa	Nigeria			3390	Homo sapiens		2018-03-21	2018-03-21		"Odia,I.,Ehaine,P.,Oguzie,J.U.,Siddle,K.J.,Mehta,S.,Barnes,K.M.,Winnicki,S.M.,Brehio,P.,Shah,R.,Chak,B.,Yozwiak,N.,Amao,A.,Nosamiefan,I.,Birren,B.W.,Park,D.J.,Folarin,O.,Okokhere,P.,Sabeti,P.C.,Happi,C.T."	Odia et al.	"Broad Institute of Harvard and MIT, Infectious Disease Program"	LII
MH053522	MH053522.1	Lassa virus/H.sapiens-wt/NGA/2016/ISTH_1026	2016-04-04	Africa	Nigeria			3287	Homo sapiens		2018-03-21	2018-03-21		"Odia,I.,Ehaine,P.,Oguzie,J.U.,Siddle,K.J.,Mehta,S.,Barnes,K.M.,Winnicki,S.M.,Brehio,P.,Shah,R.,Chak,B.,Yozwiak,N.,Amao,A.,Nosamiefan,I.,Birren,B.W.,Park,D.J.,Folarin,O.,Okokhere,P.,Sabeti,P.C.,Happi,C.T."	Odia et al.	"Broad Institute of Harvard and MIT, Infectious Disease Program"	LII
MH053526	MH053526.1	Lassa virus/H.sapiens-wt/NGA/2016/ISTH_0759	2016-02-28	Africa	Nigeria			3396	Homo sapiens		2018-03-21	2018-03-21		"Odia,I.,Ehaine,P.,Oguzie,J.U.,Siddle,K.J.,Mehta,S.,Barnes,K.M.,Winnicki,S.M.,Brehio,P.,Shah,R.,Chak,B.,Yozwiak,N.,Amao,A.,Nosamiefan,I.,Birren,B.W.,Park,D.J.,Folarin,O.,Okokhere,P.,Sabeti,P.C.,Happi,C.T."	Odia et al.	"Broad Institute of Harvard and MIT, Infectious Disease Program"	LII
MH053531	MH053531.1	Lassa virus/H.sapiens-wt/NGA/2016/ISTH_1207	2016-05-03	Africa	Nigeria			3390	Homo sapiens		2018-03-21	2018-03-21		"Odia,I.,Ehaine,P.,Oguzie,J.U.,Siddle,K.J.,Mehta,S.,Barnes,K.M.,Winnicki,S.M.,Brehio,P.,Shah,R.,Chak,B.,Yozwiak,N.,Amao,A.,Nosamiefan,I.,Birren,B.W.,Park,D.J.,Folarin,O.,Okokhere,P.,Sabeti,P.C.,Happi,C.T."	Odia et al.	"Broad Institute of Harvard and MIT, Infectious Disease Program"	LII
MH053560	MH053560.1	Lassa virus/H.sapiens-wt/NGA/2016/ISTH_1150	2016-04-25	Africa	Nigeria			3378	Homo sapiens		2018-03-21	2018-03-21		"Odia,I.,Ehaine,P.,Oguzie,J.U.,Siddle,K.J.,Mehta,S.,Barnes,K.M.,Winnicki,S.M.,Brehio,P.,Shah,R.,Chak,B.,Yozwiak,N.,Amao,A.,Nosamiefan,I.,Birren,B.W.,Park,D.J.,Folarin,O.,Okokhere,P.,Sabeti,P.C.,Happi,C.T."	Odia et al.	"Broad Institute of Harvard and MIT, Infectious Disease Program"	LII
MH053564	MH053564.1	Lassa virus/H.sapiens-wt/NGA/2016/ISTH_0146	2016-01-15	Africa	Nigeria			3395	Homo sapiens		2018-03-21	2018-03-21		"Odia,I.,Ehaine,P.,Oguzie,J.U.,Siddle,K.J.,Mehta,S.,Barnes,K.M.,Winnicki,S.M.,Brehio,P.,Shah,R.,Chak,B.,Yozwiak,N.,Amao,A.,Nosamiefan,I.,Birren,B.W.,Park,D.J.,Folarin,O.,Okokhere,P.,Sabeti,P.C.,Happi,C.T."	Odia et al.	"Broad Institute of Harvard and MIT, Infectious Disease Program"	LII
MH053580	MH053580.1	Lassa virus/H.sapiens-wt/NGA/2016/ISTH_1070	2016-04-13	Africa	Nigeria			3358	Homo sapiens		2018-03-21	2018-03-21		"Odia,I.,Ehaine,P.,Oguzie,J.U.,Siddle,K.J.,Mehta,S.,Barnes,K.M.,Winnicki,S.M.,Brehio,P.,Shah,R.,Chak,B.,Yozwiak,N.,Amao,A.,Nosamiefan,I.,Birren,B.W.,Park,D.J.,Folarin,O.,Okokhere,P.,Sabeti,P.C.,Happi,C.T."	Odia et al.	"Broad Institute of Harvard and MIT, Infectious Disease Program"	LII
MH887849	MH887849.1	H.sapiens-wt/NGA/2018/LASV0104-ONDO-2017	2017-12-12	Africa	Nigeria			3388	Homo sapiens		2018-10-24	2018-10-24		"Siddle,K.J.,Eromon,P.,Barnes,K.G.,Mehta,S.,Oguzie,J.U.,Odia,I.,Schaffner,S.F.,Winnicki,S.M.,Shah,R.R.,Qu,J.,Wohl,S.,Brehio,P.,Iruolagbe,C.,Aiyepada,J.,Uyigue,E.,Akhilomen,P.,Okonofua,G.,Ye,S.,Kayode,T.,Ajogbasile,F.,Uwanibe,J.,Gaye,A.,Momoh,M.,Chak,B.,Kotliar,D.,Carter,A.,Gladden-Young,A.,Freije,C.A.,Omoregie,O.,Osiemi,B.,Muoebonam,E.B.,Airende,M.,Enigbe,R.,Ebo,B.,Nosamiefan,I.,Oluniyi,P.,Nekoui,M.,Ogbaini-Emovon,E.,Garry,R.F.,Andersen,K.G.,Park,D.J.,Yozwiak,N.L.,Akpede,G.,Ihekweazu,C.,Tomori,O.,Okogbenin,S.,Folarin,O.A.,Okokhere,P.O.,MacInnis,B.L.,Sabeti,P.C.,Happi,C.T.,Winnicki,S.,Shah,R.,Yozwiak,N.,Adebayo,A.,Birren,B.W.,Folarin,O.,Okokhere,P."	Siddle et al.	"Broad Institute, Infectious Disease Program"	LII
MH887851	MH887851.1	H.sapiens-wt/NGA/2018/LASV0146-EDO-2018	2018-01-24	Africa	Nigeria			3360	Homo sapiens		2018-10-24	2018-10-24		"Siddle,K.J.,Eromon,P.,Barnes,K.G.,Mehta,S.,Oguzie,J.U.,Odia,I.,Schaffner,S.F.,Winnicki,S.M.,Shah,R.R.,Qu,J.,Wohl,S.,Brehio,P.,Iruolagbe,C.,Aiyepada,J.,Uyigue,E.,Akhilomen,P.,Okonofua,G.,Ye,S.,Kayode,T.,Ajogbasile,F.,Uwanibe,J.,Gaye,A.,Momoh,M.,Chak,B.,Kotliar,D.,Carter,A.,Gladden-Young,A.,Freije,C.A.,Omoregie,O.,Osiemi,B.,Muoebonam,E.B.,Airende,M.,Enigbe,R.,Ebo,B.,Nosamiefan,I.,Oluniyi,P.,Nekoui,M.,Ogbaini-Emovon,E.,Garry,R.F.,Andersen,K.G.,Park,D.J.,Yozwiak,N.L.,Akpede,G.,Ihekweazu,C.,Tomori,O.,Okogbenin,S.,Folarin,O.A.,Okokhere,P.O.,MacInnis,B.L.,Sabeti,P.C.,Happi,C.T.,Winnicki,S.,Shah,R.,Yozwiak,N.,Adebayo,A.,Birren,B.W.,Folarin,O.,Okokhere,P."	Siddle et al.	"Broad Institute, Infectious Disease Program"	LII
MH887861	MH887861.1	H.sapiens-wt/NGA/2018/LASV0206-EDO-2018	2018-02-25	Africa	Nigeria			3389	Homo sapiens		2018-10-24	2018-10-24		"Siddle,K.J.,Eromon,P.,Barnes,K.G.,Mehta,S.,Oguzie,J.U.,Odia,I.,Schaffner,S.F.,Winnicki,S.M.,Shah,R.R.,Qu,J.,Wohl,S.,Brehio,P.,Iruolagbe,C.,Aiyepada,J.,Uyigue,E.,Akhilomen,P.,Okonofua,G.,Ye,S.,Kayode,T.,Ajogbasile,F.,Uwanibe,J.,Gaye,A.,Momoh,M.,Chak,B.,Kotliar,D.,Carter,A.,Gladden-Young,A.,Freije,C.A.,Omoregie,O.,Osiemi,B.,Muoebonam,E.B.,Airende,M.,Enigbe,R.,Ebo,B.,Nosamiefan,I.,Oluniyi,P.,Nekoui,M.,Ogbaini-Emovon,E.,Garry,R.F.,Andersen,K.G.,Park,D.J.,Yozwiak,N.L.,Akpede,G.,Ihekweazu,C.,Tomori,O.,Okogbenin,S.,Folarin,O.A.,Okokhere,P.O.,MacInnis,B.L.,Sabeti,P.C.,Happi,C.T.,Winnicki,S.,Shah,R.,Yozwiak,N.,Adebayo,A.,Birren,B.W.,Folarin,O.,Okokhere,P."	Siddle et al.	"Broad Institute, Infectious Disease Program"	LII
MH887875	MH887875.1	H.sapiens-wt/NGA/2018/LASV0131-ONDO-2018	2018-01-15	Africa	Nigeria			3380	Homo sapiens		2018-10-24	2018-10-24		"Siddle,K.J.,Eromon,P.,Barnes,K.G.,Mehta,S.,Oguzie,J.U.,Odia,I.,Schaffner,S.F.,Winnicki,S.M.,Shah,R.R.,Qu,J.,Wohl,S.,Brehio,P.,Iruolagbe,C.,Aiyepada,J.,Uyigue,E.,Akhilomen,P.,Okonofua,G.,Ye,S.,Kayode,T.,Ajogbasile,F.,Uwanibe,J.,Gaye,A.,Momoh,M.,Chak,B.,Kotliar,D.,Carter,A.,Gladden-Young,A.,Freije,C.A.,Omoregie,O.,Osiemi,B.,Muoebonam,E.B.,Airende,M.,Enigbe,R.,Ebo,B.,Nosamiefan,I.,Oluniyi,P.,Nekoui,M.,Ogbaini-Emovon,E.,Garry,R.F.,Andersen,K.G.,Park,D.J.,Yozwiak,N.L.,Akpede,G.,Ihekweazu,C.,Tomori,O.,Okogbenin,S.,Folarin,O.A.,Okokhere,P.O.,MacInnis,B.L.,Sabeti,P.C.,Happi,C.T.,Winnicki,S.,Shah,R.,Yozwiak,N.,Adebayo,A.,Birren,B.W.,Folarin,O.,Okokhere,P."	Siddle et al.	"Broad Institute, Infectious Disease Program"	LII
MH887896	MH887896.1	H.sapiens-wt/NGA/2018/LASV0099-EDO-2017	2017-10-17	Africa	Nigeria			3375	Homo sapiens		2018-10-24	2018-10-24		"Siddle,K.J.,Eromon,P.,Barnes,K.G.,Mehta,S.,Oguzie,J.U.,Odia,I.,Schaffner,S.F.,Winnicki,S.M.,Shah,R.R.,Qu,J.,Wohl,S.,Brehio,P.,Iruolagbe,C.,Aiyepada,J.,Uyigue,E.,Akhilomen,P.,Okonofua,G.,Ye,S.,Kayode,T.,Ajogbasile,F.,Uwanibe,J.,Gaye,A.,Momoh,M.,Chak,B.,Kotliar,D.,Carter,A.,Gladden-Young,A.,Freije,C.A.,Omoregie,O.,Osiemi,B.,Muoebonam,E.B.,Airende,M.,Enigbe,R.,Ebo,B.,Nosamiefan,I.,Oluniyi,P.,Nekoui,M.,Ogbaini-Emovon,E.,Garry,R.F.,Andersen,K.G.,Park,D.J.,Yozwiak,N.L.,Akpede,G.,Ihekweazu,C.,Tomori,O.,Okogbenin,S.,Folarin,O.A.,Okokhere,P.O.,MacInnis,B.L.,Sabeti,P.C.,Happi,C.T.,Winnicki,S.,Shah,R.,Yozwiak,N.,Adebayo,A.,Birren,B.W.,Folarin,O.,Okokhere,P."	Siddle et al.	"Broad Institute, Infectious Disease Program"	LII
MK107938	MK107938.1	LASV/H.sapiens-tc/NGA/2016/IRR_029	2016-03-01	Africa	Nigeria	Ondo State		3398	Homo sapiens		2018-12-10	2018-12-10		"Ehichioya,D.U.,Lemey,P.,Kafetzopoulou,L.E.,Rieger,T.,Cadar,D.,Duraffour,S.,Ogbaini-Emovon,E.,Okogbenin,S.,Asogun,D.,Gunther,S."	Ehichioya et al.	"Bernhard-Nocht-Institute for Tropical Medicine, Department of Virology"	LII
MK107956	MK107956.1	LASV/H.sapiens-tc/NGA/2016/IRR_024	2016-02-24	Africa	Nigeria	Ondo State		3413	Homo sapiens		2018-12-10	2018-12-10		"Ehichioya,D.U.,Lemey,P.,Kafetzopoulou,L.E.,Rieger,T.,Cadar,D.,Duraffour,S.,Ogbaini-Emovon,E.,Okogbenin,S.,Asogun,D.,Gunther,S."	Ehichioya et al.	"Bernhard-Nocht-Institute for Tropical Medicine, Department of Virology"	LII
MK107967	MK107967.1	LASV/H.sapiens-tc/NGA/2012/IRR_006	2012-02-21	Africa	Nigeria	Rivers		3363	Homo sapiens		2018-12-10	2018-12-10		"Ehichioya,D.U.,Lemey,P.,Kafetzopoulou,L.E.,Rieger,T.,Cadar,D.,Duraffour,S.,Ogbaini-Emovon,E.,Okogbenin,S.,Asogun,D.,Gunther,S."	Ehichioya et al.	"Bernhard-Nocht-Institute for Tropical Medicine, Department of Virology"	LII
MK117956	MK117956.1	LASV/H.sapiens-wt/NGA/2018/IRR_006	2018-01-09	Africa	Nigeria	Edo		3386	Homo sapiens		2018-12-10	2018-12-10		"Kafetzopoulou,L.E.,Pullan,S.T.,Lemey,P.,Suchard,M.A.,Ehichioya,D.U.,Pahlmann,M.,Thielebein,A.,Hinzmann,J.,Oestereich,L.,Wozniak,D.M.,Efthymiadis,K.,Schachten,D.,Koenig,F.,Matjeschk,J.,Lorenzen,S.,Lumley,S.,Ighodalo,Y.,Adomeh,D.I.,Olokor,T.,Omomoh,E.,Omiumu,R.,Agbukor,J.,Ebo,B.,Aiyepada,J.,Ebhodaghe,P.,Osiemi,B.,Ehikhametalor,S.,Akhilomen,P.,Airende,M.,Esumeh,R.,Muoebonam,E.,Giwa,R.,Ekanem,A.,Igenegbale,G.,Odigie,G.,Okonofua,G.,Ukpetena,R.A.,Oyakhilome,J.,Yerumoh,E.O.,Odia,I.,Aire,C.,Okonofua,M.,Atafo,R.,Tobin,E.,Asogun,D.,Akpede,N.,Okokhere,P.O.,Rafiu,M.O.,Iraoyah,K.O.,Iruolagbe,C.O.,Akhideno,P.,Erameh,C.,Akpede,G.,Isibor,E.,Naidoo,D.,Hewson,R.,Hiscox,J.A.,Vipond,R.,Carroll,M.W.,Ihekweazu,C.,Formenty,P.,Okogbenin,S.,Ogbaini-Emovon,E.,Gunther,S.,Duraffour,S."	Kafetzopoulou et al.	"Bernhard-Nocht-Institute for Tropical Medicine, Department of Virology"	LII
MK117961	MK117961.1	LASV/H.sapiens-wt/NGA/2018/IRR_013	2018-01-13	Africa	Nigeria	Imo		3367	Homo sapiens		2018-12-10	2018-12-10		"Kafetzopoulou,L.E.,Pullan,S.T.,Lemey,P.,Suchard,M.A.,Ehichioya,D.U.,Pahlmann,M.,Thielebein,A.,Hinzmann,J.,Oestereich,L.,Wozniak,D.M.,Efthymiadis,K.,Schachten,D.,Koenig,F.,Matjeschk,J.,Lorenzen,S.,Lumley,S.,Ighodalo,Y.,Adomeh,D.I.,Olokor,T.,Omomoh,E.,Omiumu,R.,Agbukor,J.,Ebo,B.,Aiyepada,J.,Ebhodaghe,P.,Osiemi,B.,Ehikhametalor,S.,Akhilomen,P.,Airende,M.,Esumeh,R.,Muoebonam,E.,Giwa,R.,Ekanem,A.,Igenegbale,G.,Odigie,G.,Okonofua,G.,Ukpetena,R.A.,Oyakhilome,J.,Yerumoh,E.O.,Odia,I.,Aire,C.,Okonofua,M.,Atafo,R.,Tobin,E.,Asogun,D.,Akpede,N.,Okokhere,P.O.,Rafiu,M.O.,Iraoyah,K.O.,Iruolagbe,C.O.,Akhideno,P.,Erameh,C.,Akpede,G.,Isibor,E.,Naidoo,D.,Hewson,R.,Hiscox,J.A.,Vipond,R.,Carroll,M.W.,Ihekweazu,C.,Formenty,P.,Okogbenin,S.,Ogbaini-Emovon,E.,Gunther,S.,Duraffour,S."	Kafetzopoulou et al.	"Bernhard-Nocht-Institute for Tropical Medicine, Department of Virology"	LII
MK117983	MK117983.1	LASV/H.sapiens-wt/NGA/2018/IRR_047	2018-02-05	Africa	Nigeria	Ondo State		3398	Homo sapiens		2018-12-10	2018-12-10		"Kafetzopoulou,L.E.,Pullan,S.T.,Lemey,P.,Suchard,M.A.,Ehichioya,D.U.,Pahlmann,M.,Thielebein,A.,Hinzmann,J.,Oestereich,L.,Wozniak,D.M.,Efthymiadis,K.,Schachten,D.,Koenig,F.,Matjeschk,J.,Lorenzen,S.,Lumley,S.,Ighodalo,Y.,Adomeh,D.I.,Olokor,T.,Omomoh,E.,Omiumu,R.,Agbukor,J.,Ebo,B.,Aiyepada,J.,Ebhodaghe,P.,Osiemi,B.,Ehikhametalor,S.,Akhilomen,P.,Airende,M.,Esumeh,R.,Muoebonam,E.,Giwa,R.,Ekanem,A.,Igenegbale,G.,Odigie,G.,Okonofua,G.,Ukpetena,R.A.,Oyakhilome,J.,Yerumoh,E.O.,Odia,I.,Aire,C.,Okonofua,M.,Atafo,R.,Tobin,E.,Asogun,D.,Akpede,N.,Okokhere,P.O.,Rafiu,M.O.,Iraoyah,K.O.,Iruolagbe,C.O.,Akhideno,P.,Erameh,C.,Akpede,G.,Isibor,E.,Naidoo,D.,Hewson,R.,Hiscox,J.A.,Vipond,R.,Carroll,M.W.,Ihekweazu,C.,Formenty,P.,Okogbenin,S.,Ogbaini-Emovon,E.,Gunther,S.,Duraffour,S."	Kafetzopoulou et al.	"Bernhard-Nocht-Institute for Tropical Medicine, Department of Virology"	LII
MK117998	MK117998.1	LASV/H.sapiens-wt/NGA/2018/IRR_071	2018-02-11	Africa	Nigeria	Ondo State		3384	Homo sapiens		2018-12-10	2018-12-10		"Kafetzopoulou,L.E.,Pullan,S.T.,Lemey,P.,Suchard,M.A.,Ehichioya,D.U.,Pahlmann,M.,Thielebein,A.,Hinzmann,J.,Oestereich,L.,Wozniak,D.M.,Efthymiadis,K.,Schachten,D.,Koenig,F.,Matjeschk,J.,Lorenzen,S.,Lumley,S.,Ighodalo,Y.,Adomeh,D.I.,Olokor,T.,Omomoh,E.,Omiumu,R.,Agbukor,J.,Ebo,B.,Aiyepada,J.,Ebhodaghe,P.,Osiemi,B.,Ehikhametalor,S.,Akhilomen,P.,Airende,M.,Esumeh,R.,Muoebonam,E.,Giwa,R.,Ekanem,A.,Igenegbale,G.,Odigie,G.,Okonofua,G.,Ukpetena,R.A.,Oyakhilome,J.,Yerumoh,E.O.,Odia,I.,Aire,C.,Okonofua,M.,Atafo,R.,Tobin,E.,Asogun,D.,Akpede,N.,Okokhere,P.O.,Rafiu,M.O.,Iraoyah,K.O.,Iruolagbe,C.O.,Akhideno,P.,Erameh,C.,Akpede,G.,Isibor,E.,Naidoo,D.,Hewson,R.,Hiscox,J.A.,Vipond,R.,Carroll,M.W.,Ihekweazu,C.,Formenty,P.,Okogbenin,S.,Ogbaini-Emovon,E.,Gunther,S.,Duraffour,S."	Kafetzopoulou et al.	"Bernhard-Nocht-Institute for Tropical Medicine, Department of Virology"	LII
MK118000	MK118000.1	LASV/H.sapiens-wt/NGA/2018/IRR_073	2018-02-12	Africa	Nigeria	Anambra		3406	Homo sapiens		2018-12-10	2018-12-10		"Kafetzopoulou,L.E.,Pullan,S.T.,Lemey,P.,Suchard,M.A.,Ehichioya,D.U.,Pahlmann,M.,Thielebein,A.,Hinzmann,J.,Oestereich,L.,Wozniak,D.M.,Efthymiadis,K.,Schachten,D.,Koenig,F.,Matjeschk,J.,Lorenzen,S.,Lumley,S.,Ighodalo,Y.,Adomeh,D.I.,Olokor,T.,Omomoh,E.,Omiumu,R.,Agbukor,J.,Ebo,B.,Aiyepada,J.,Ebhodaghe,P.,Osiemi,B.,Ehikhametalor,S.,Akhilomen,P.,Airende,M.,Esumeh,R.,Muoebonam,E.,Giwa,R.,Ekanem,A.,Igenegbale,G.,Odigie,G.,Okonofua,G.,Ukpetena,R.A.,Oyakhilome,J.,Yerumoh,E.O.,Odia,I.,Aire,C.,Okonofua,M.,Atafo,R.,Tobin,E.,Asogun,D.,Akpede,N.,Okokhere,P.O.,Rafiu,M.O.,Iraoyah,K.O.,Iruolagbe,C.O.,Akhideno,P.,Erameh,C.,Akpede,G.,Isibor,E.,Naidoo,D.,Hewson,R.,Hiscox,J.A.,Vipond,R.,Carroll,M.W.,Ihekweazu,C.,Formenty,P.,Okogbenin,S.,Ogbaini-Emovon,E.,Gunther,S.,Duraffour,S."	Kafetzopoulou et al.	"Bernhard-Nocht-Institute for Tropical Medicine, Department of Virology"	LII
GU481072	GU481072.1	Nig08-A19	2008-XX-XX	Africa	Nigeria	Plateau State		3383	Homo sapiens		2011-01-08	2011-03-07		"Ehichioya,D.U.,Hass,M.,Olschlager,S.,Becker-Ziaja,B.,Onyebuchi Chukwu,C.O.,Coker,J.,Nasidi,A.,Ogugua,O.O.,Gunther,S.,Omilabu,S.A.,Ehimuan,J.,Asogun,D.A.,Fichet-Calvet,E.,Kleinsteuber,K.,Lelke,M.,Ter Meulen,J.,Akpede,G.O.,Ehichioya,D.,Omilabu,S."	Ehichioya et al.	"Bernhard-Nocht-Institute for Tropical Medicine, Virology"	LIII
KT992423	KT992423.1	ONM-314	2011-10-24	Africa	Nigeria			3368	Mastomys erythroleucus		2016-05-31	2016-06-17		"Olayemi,A.,Cadar,D.,Magassouba,N.,Obadare,A.,Kourouma,F.,Oyeyiola,A.,Fasogbon,S.,Igbokwe,J.,Rieger,T.,Bockholt,S.,Jerome,H.,Schmidt-Chanasit,J.,Garigliany,M.,Lorenzen,S.,Igbahenah,F.,Fichet,J.N.,Ortsega,D.,Omilabu,S.,Gunther,S.,Fichet-Calvet,E.,Fasogbon,A.,Becker-Ziaja,B.,Pahlman,M.,Fichet,J.-N."	Olayemi et al.	"Bernhard-Nocht Institute of Tropical Medicine, Virology"	LIII
MG812635	MG812635.1	807876	1981-XX-XX	Africa	Nigeria			3410	Homo sapiens		2019-01-31	2019-01-31		"Welch,S.R.,Davis,W.G.,Patel,K.,Albarino,C.G.,Stroher,U."	Welch et al.	"Centers for Disease Control and Prevention, Viral Special Pathogens Branch"	LIII
MH053472	MH053472.1	Lassa virus/H.sapiens-wt/NGA/2016/ISTH_1604	2016-11-05	Africa	Nigeria			3265	Homo sapiens		2018-03-21	2018-03-21		"Odia,I.,Ehaine,P.,Oguzie,J.U.,Siddle,K.J.,Mehta,S.,Barnes,K.M.,Winnicki,S.M.,Brehio,P.,Shah,R.,Chak,B.,Yozwiak,N.,Amao,A.,Nosamiefan,I.,Birren,B.W.,Park,D.J.,Folarin,O.,Okokhere,P.,Sabeti,P.C.,Happi,C.T."	Odia et al.	"Broad Institute of Harvard and MIT, Infectious Disease Program"	LIII
MH053474	MH053474.1	Lassa virus/H.sapiens-wt/NGA/2016/ISTH_0621	2016-02-12	Africa	Nigeria			3263	Homo sapiens		2018-03-21	2018-03-21		"Odia,I.,Ehaine,P.,Oguzie,J.U.,Siddle,K.J.,Mehta,S.,Barnes,K.M.,Winnicki,S.M.,Brehio,P.,Shah,R.,Chak,B.,Yozwiak,N.,Amao,A.,Nosamiefan,I.,Birren,B.W.,Park,D.J.,Folarin,O.,Okokhere,P.,Sabeti,P.C.,Happi,C.T."	Odia et al.	"Broad Institute of Harvard and MIT, Infectious Disease Program"	LIII
MH053475	MH053475.1	Lassa virus/H.sapiens-wt/NGA/2015/ISTH_0831	2015-12-30	Africa	Nigeria			3255	Homo sapiens		2018-03-21	2018-03-21		"Odia,I.,Ehaine,P.,Oguzie,J.U.,Siddle,K.J.,Mehta,S.,Barnes,K.M.,Winnicki,S.M.,Brehio,P.,Shah,R.,Chak,B.,Yozwiak,N.,Amao,A.,Nosamiefan,I.,Birren,B.W.,Park,D.J.,Folarin,O.,Okokhere,P.,Sabeti,P.C.,Happi,C.T."	Odia et al.	"Broad Institute of Harvard and MIT, Infectious Disease Program"	LIII
MH053478	MH053478.1	Lassa virus/H.sapiens-wt/NGA/2016/ISTH_0187	2016-01-17	Africa	Nigeria			3335	Homo sapiens		2018-03-21	2018-03-21		"Odia,I.,Ehaine,P.,Oguzie,J.U.,Siddle,K.J.,Mehta,S.,Barnes,K.M.,Winnicki,S.M.,Brehio,P.,Shah,R.,Chak,B.,Yozwiak,N.,Amao,A.,Nosamiefan,I.,Birren,B.W.,Park,D.J.,Folarin,O.,Okokhere,P.,Sabeti,P.C.,Happi,C.T."	Odia et al.	"Broad Institute of Harvard and MIT, Infectious Disease Program"	LIII
MK107899	MK107899.1	LASV/H.sapiens-tc/NGA/2013/IRR_014	2013-11-23	Africa	Nigeria	Bauchi		3424	Homo sapiens		2018-12-10	2018-12-10		"Ehichioya,D.U.,Lemey,P.,Kafetzopoulou,L.E.,Rieger,T.,Cadar,D.,Duraffour,S.,Ogbaini-Emovon,E.,Okogbenin,S.,Asogun,D.,Gunther,S."	Ehichioya et al.	"Bernhard-Nocht-Institute for Tropical Medicine, Department of Virology"	LIII
MK107914	MK107914.1	LASV/H.sapiens-tc/NGA/2015/IRR_014	2015-12-30	Africa	Nigeria	Nasarawa State		3366	Homo sapiens		2018-12-10	2018-12-10		"Ehichioya,D.U.,Lemey,P.,Kafetzopoulou,L.E.,Rieger,T.,Cadar,D.,Duraffour,S.,Ogbaini-Emovon,E.,Okogbenin,S.,Asogun,D.,Gunther,S."	Ehichioya et al.	"Bernhard-Nocht-Institute for Tropical Medicine, Department of Virology"	LIII
MK107917	MK107917.1	LASV/H.sapiens-tc/NGA/2016/IRR_012	2016-01-25	Africa	Nigeria	Bauchi		3366	Homo sapiens		2018-12-10	2018-12-10		"Ehichioya,D.U.,Lemey,P.,Kafetzopoulou,L.E.,Rieger,T.,Cadar,D.,Duraffour,S.,Ogbaini-Emovon,E.,Okogbenin,S.,Asogun,D.,Gunther,S."	Ehichioya et al.	"Bernhard-Nocht-Institute for Tropical Medicine, Department of Virology"	LIII
MK107918	MK107918.1	LASV/H.sapiens-tc/NGA/2016/IRR_014	2016-01-28	Africa	Nigeria	Bauchi		3416	Homo sapiens		2018-12-10	2018-12-10		"Ehichioya,D.U.,Lemey,P.,Kafetzopoulou,L.E.,Rieger,T.,Cadar,D.,Duraffour,S.,Ogbaini-Emovon,E.,Okogbenin,S.,Asogun,D.,Gunther,S."	Ehichioya et al.	"Bernhard-Nocht-Institute for Tropical Medicine, Department of Virology"	LIII
MK107920	MK107920.1	LASV/H.sapiens-tc/NGA/2016/IRR_028	2016-02-29	Africa	Nigeria	Bauchi		3453	Homo sapiens		2018-12-10	2018-12-10		"Ehichioya,D.U.,Lemey,P.,Kafetzopoulou,L.E.,Rieger,T.,Cadar,D.,Duraffour,S.,Ogbaini-Emovon,E.,Okogbenin,S.,Asogun,D.,Gunther,S."	Ehichioya et al.	"Bernhard-Nocht-Institute for Tropical Medicine, Department of Virology"	LIII
MK107921	MK107921.1	LASV/H.sapiens-tc/NGA/2016/IRR_025	2016-02-26	Africa	Nigeria	Benue State		3368	Homo sapiens		2018-12-10	2018-12-10		"Ehichioya,D.U.,Lemey,P.,Kafetzopoulou,L.E.,Rieger,T.,Cadar,D.,Duraffour,S.,Ogbaini-Emovon,E.,Okogbenin,S.,Asogun,D.,Gunther,S."	Ehichioya et al.	"Bernhard-Nocht-Institute for Tropical Medicine, Department of Virology"	LIII
MK107929	MK107929.1	LASV/H.sapiens-tc/NGA/2016/IRR_023	2016-02-23	Africa	Nigeria	Kaduna State		3383	Homo sapiens		2018-12-10	2018-12-10		"Ehichioya,D.U.,Lemey,P.,Kafetzopoulou,L.E.,Rieger,T.,Cadar,D.,Duraffour,S.,Ogbaini-Emovon,E.,Okogbenin,S.,Asogun,D.,Gunther,S."	Ehichioya et al.	"Bernhard-Nocht-Institute for Tropical Medicine, Department of Virology"	LIII
MK107931	MK107931.1	LASV/H.sapiens-tc/NGA/2016/IRR_008	2016-01-20	Africa	Nigeria	Nasarawa State		3366	Homo sapiens		2018-12-10	2018-12-10		"Ehichioya,D.U.,Lemey,P.,Kafetzopoulou,L.E.,Rieger,T.,Cadar,D.,Duraffour,S.,Ogbaini-Emovon,E.,Okogbenin,S.,Asogun,D.,Gunther,S."	Ehichioya et al.	"Bernhard-Nocht-Institute for Tropical Medicine, Department of Virology"	LIII
MK107934	MK107934.1	LASV/H.sapiens-tc/NGA/2016/IRR_032	2016-03-13	Africa	Nigeria	Nasarawa State		3356	Homo sapiens		2018-12-10	2018-12-10		"Ehichioya,D.U.,Lemey,P.,Kafetzopoulou,L.E.,Rieger,T.,Cadar,D.,Duraffour,S.,Ogbaini-Emovon,E.,Okogbenin,S.,Asogun,D.,Gunther,S."	Ehichioya et al.	"Bernhard-Nocht-Institute for Tropical Medicine, Department of Virology"	LIII
MK107940	MK107940.1	LASV/H.sapiens-tc/NGA/2016/IRR_003	2016-01-04	Africa	Nigeria	Plateau		3460	Homo sapiens		2018-12-10	2018-12-10		"Ehichioya,D.U.,Lemey,P.,Kafetzopoulou,L.E.,Rieger,T.,Cadar,D.,Duraffour,S.,Ogbaini-Emovon,E.,Okogbenin,S.,Asogun,D.,Gunther,S."	Ehichioya et al.	"Bernhard-Nocht-Institute for Tropical Medicine, Department of Virology"	LIII
MK107941	MK107941.1	LASV/H.sapiens-tc/NGA/2016/IRR_010	2016-01-22	Africa	Nigeria	Taraba		3445	Homo sapiens		2018-12-10	2018-12-10		"Ehichioya,D.U.,Lemey,P.,Kafetzopoulou,L.E.,Rieger,T.,Cadar,D.,Duraffour,S.,Ogbaini-Emovon,E.,Okogbenin,S.,Asogun,D.,Gunther,S."	Ehichioya et al.	"Bernhard-Nocht-Institute for Tropical Medicine, Department of Virology"	LIII
MK107945	MK107945.1	LASV/H.sapiens-tc/NGA/2013/IRR_015	2013-12-04	Africa	Nigeria	Bauchi		3368	Homo sapiens		2018-12-10	2018-12-10		"Ehichioya,D.U.,Lemey,P.,Kafetzopoulou,L.E.,Rieger,T.,Cadar,D.,Duraffour,S.,Ogbaini-Emovon,E.,Okogbenin,S.,Asogun,D.,Gunther,S."	Ehichioya et al.	"Bernhard-Nocht-Institute for Tropical Medicine, Department of Virology"	LIII
MK107968	MK107968.1	LASV/H.sapiens-tc/NGA/2013/IRR_003	2013-01-18	Africa	Nigeria	Nasarawa State		3368	Homo sapiens		2018-12-10	2018-12-10		"Ehichioya,D.U.,Lemey,P.,Kafetzopoulou,L.E.,Rieger,T.,Cadar,D.,Duraffour,S.,Ogbaini-Emovon,E.,Okogbenin,S.,Asogun,D.,Gunther,S."	Ehichioya et al.	"Bernhard-Nocht-Institute for Tropical Medicine, Department of Virology"	LIII
MK117952	MK117952.1	LASV/H.sapiens-wt/NGA/2018/IRR_001	2018-01-02	Africa	Nigeria	Bauchi		3445	Homo sapiens		2018-12-10	2018-12-10		"Kafetzopoulou,L.E.,Pullan,S.T.,Lemey,P.,Suchard,M.A.,Ehichioya,D.U.,Pahlmann,M.,Thielebein,A.,Hinzmann,J.,Oestereich,L.,Wozniak,D.M.,Efthymiadis,K.,Schachten,D.,Koenig,F.,Matjeschk,J.,Lorenzen,S.,Lumley,S.,Ighodalo,Y.,Adomeh,D.I.,Olokor,T.,Omomoh,E.,Omiumu,R.,Agbukor,J.,Ebo,B.,Aiyepada,J.,Ebhodaghe,P.,Osiemi,B.,Ehikhametalor,S.,Akhilomen,P.,Airende,M.,Esumeh,R.,Muoebonam,E.,Giwa,R.,Ekanem,A.,Igenegbale,G.,Odigie,G.,Okonofua,G.,Ukpetena,R.A.,Oyakhilome,J.,Yerumoh,E.O.,Odia,I.,Aire,C.,Okonofua,M.,Atafo,R.,Tobin,E.,Asogun,D.,Akpede,N.,Okokhere,P.O.,Rafiu,M.O.,Iraoyah,K.O.,Iruolagbe,C.O.,Akhideno,P.,Erameh,C.,Akpede,G.,Isibor,E.,Naidoo,D.,Hewson,R.,Hiscox,J.A.,Vipond,R.,Carroll,M.W.,Ihekweazu,C.,Formenty,P.,Okogbenin,S.,Ogbaini-Emovon,E.,Gunther,S.,Duraffour,S."	Kafetzopoulou et al.	"Bernhard-Nocht-Institute for Tropical Medicine, Department of Virology"	LIII
MK118034	MK118034.1	LASV/H.sapiens-wt/NGA/2018/IRR_136	2018-03-05	Africa	Nigeria	Bauchi		3284	Homo sapiens		2018-12-10	2018-12-10		"Kafetzopoulou,L.E.,Pullan,S.T.,Lemey,P.,Suchard,M.A.,Ehichioya,D.U.,Pahlmann,M.,Thielebein,A.,Hinzmann,J.,Oestereich,L.,Wozniak,D.M.,Efthymiadis,K.,Schachten,D.,Koenig,F.,Matjeschk,J.,Lorenzen,S.,Lumley,S.,Ighodalo,Y.,Adomeh,D.I.,Olokor,T.,Omomoh,E.,Omiumu,R.,Agbukor,J.,Ebo,B.,Aiyepada,J.,Ebhodaghe,P.,Osiemi,B.,Ehikhametalor,S.,Akhilomen,P.,Airende,M.,Esumeh,R.,Muoebonam,E.,Giwa,R.,Ekanem,A.,Igenegbale,G.,Odigie,G.,Okonofua,G.,Ukpetena,R.A.,Oyakhilome,J.,Yerumoh,E.O.,Odia,I.,Aire,C.,Okonofua,M.,Atafo,R.,Tobin,E.,Asogun,D.,Akpede,N.,Okokhere,P.O.,Rafiu,M.O.,Iraoyah,K.O.,Iruolagbe,C.O.,Akhideno,P.,Erameh,C.,Akpede,G.,Isibor,E.,Naidoo,D.,Hewson,R.,Hiscox,J.A.,Vipond,R.,Carroll,M.W.,Ihekweazu,C.,Formenty,P.,Okogbenin,S.,Ogbaini-Emovon,E.,Gunther,S.,Duraffour,S."	Kafetzopoulou et al.	"Bernhard-Nocht-Institute for Tropical Medicine, Department of Virology"	LIII
GU830839	GU830839.1	BA366	2003-XX-XX	Africa	Guinea			3358	Mastomys natalensis		2010-06-08	2011-03-07		"Olschlager,S.,Lelke,M.,Emmerich,P.,Panning,M.,Drosten,C.,Hass,M.,Asogun,D.,Ehichioya,D.,Omilabu,S.,Gunther,S.,Ehichioya,D.U.,Becker-Ziaja,B.,Ehimuan,J.,Asogun,D.A.,Fichet-Calvet,E.,Kleinsteuber,K.,Ter Meulen,J.,Akpede,G.O.,Omilabu,S.A."	Olschlager et al.	"Bernhard-Nocht-Institute for Tropical Medicine, Virology"	LIV_V
KF478768	KF478768.1	Ouoma-R123	2012-03-XX	Africa	Mali			3410	Mastomys natalensis		2013-12-24	2013-12-24		"Safronetz,D.,Sogoba,N.,Lopez,J.E.,Maiga,O.,Dahlstrom,E.,Zivcec,M.,Feldmann,F.,Haddock,E.,Fischer,R.J.,Anderson,J.M.,Munster,V.J.,Branco,L.,Garry,R.,Porcella,S.F.,Schwan,T.G.,Feldmann,H."	Safronetz et al.	"NIH, NIAID - Rocky Mountain Labs"	LIV_V
KM821783	KM821783.1	G692-SLE-2009	2009-XX-XX	Africa	Sierra Leone			3401	Homo sapiens		2014-10-14	2014-10-14		"Andersen,K.G.,Shapiro,B.J.,Matranga,C.B.,Gire,S.K.,Sealfon,R.,England,E.M.,Winnicki,S.,Moses,L.M.,Stremlau,M.,Folarin,O.,Odia,I.,Ehiane,P.,Goba,A.,Momoh,M.,Gnirke,A.,Birren,B.,Hensley,L.,Levin,J.Z.,Happi,C.T.,Garry,R.F.,Sabeti,P.C."	Andersen et al.	Broad Institute	LIV_V
KM821785	KM821785.1	G693-SLE-2009	2009-XX-XX	Africa	Sierra Leone			3399	Homo sapiens		2014-10-14	2014-10-14		"Andersen,K.G.,Shapiro,B.J.,Matranga,C.B.,Gire,S.K.,Sealfon,R.,England,E.M.,Winnicki,S.,Moses,L.M.,Stremlau,M.,Folarin,O.,Odia,I.,Ehiane,P.,Goba,A.,Momoh,M.,Gnirke,A.,Birren,B.,Hensley,L.,Levin,J.Z.,Happi,C.T.,Garry,R.F.,Sabeti,P.C."	Andersen et al.	Broad Institute	LIV_V
KM821794	KM821794.1	G1180-SLE-2010	2010-XX-XX	Africa	Sierra Leone			3395	Homo sapiens		2014-10-14	2014-10-14		"Andersen,K.G.,Shapiro,B.J.,Matranga,C.B.,Gire,S.K.,Sealfon,R.,England,E.M.,Winnicki,S.,Moses,L.M.,Stremlau,M.,Folarin,O.,Odia,I.,Ehiane,P.,Goba,A.,Momoh,M.,Gnirke,A.,Birren,B.,Hensley,L.,Levin,J.Z.,Happi,C.T.,Garry,R.F.,Sabeti,P.C."	Andersen et al.	Broad Institute	LIV_V
KM821796	KM821796.1	G1190-SLE-2010	2010-XX-XX	Africa	Sierra Leone			3402	Homo sapiens		2014-10-14	2014-10-14		"Andersen,K.G.,Shapiro,B.J.,Matranga,C.B.,Gire,S.K.,Sealfon,R.,England,E.M.,Winnicki,S.,Moses,L.M.,Stremlau,M.,Folarin,O.,Odia,I.,Ehiane,P.,Goba,A.,Momoh,M.,Gnirke,A.,Birren,B.,Hensley,L.,Levin,J.Z.,Happi,C.T.,Garry,R.F.,Sabeti,P.C."	Andersen et al.	Broad Institute	LIV_V
KM821830	KM821830.1	G2197-SLE-2011	2011-XX-XX	Africa	Sierra Leone			3392	Homo sapiens		2014-10-14	2014-10-14		"Andersen,K.G.,Shapiro,B.J.,Matranga,C.B.,Gire,S.K.,Sealfon,R.,England,E.M.,Winnicki,S.,Moses,L.M.,Stremlau,M.,Folarin,O.,Odia,I.,Ehiane,P.,Goba,A.,Momoh,M.,Gnirke,A.,Birren,B.,Hensley,L.,Levin,J.Z.,Happi,C.T.,Garry,R.F.,Sabeti,P.C."	Andersen et al.	Broad Institute	LIV_V
KM821835	KM821835.1	G2259-SLE-2012	2012-XX-XX	Africa	Sierra Leone			3397	Homo sapiens		2014-10-14	2014-10-14		"Andersen,K.G.,Shapiro,B.J.,Matranga,C.B.,Gire,S.K.,Sealfon,R.,England,E.M.,Winnicki,S.,Moses,L.M.,Stremlau,M.,Folarin,O.,Odia,I.,Ehiane,P.,Goba,A.,Momoh,M.,Gnirke,A.,Birren,B.,Hensley,L.,Levin,J.Z.,Happi,C.T.,Garry,R.F.,Sabeti,P.C."	Andersen et al.	Broad Institute	LIV_V
KM821847	KM821847.1	G2363-SLE-2012	2012-XX-XX	Africa	Sierra Leone			3396	Homo sapiens		2014-10-14	2014-10-14		"Andersen,K.G.,Shapiro,B.J.,Matranga,C.B.,Gire,S.K.,Sealfon,R.,England,E.M.,Winnicki,S.,Moses,L.M.,Stremlau,M.,Folarin,O.,Odia,I.,Ehiane,P.,Goba,A.,Momoh,M.,Gnirke,A.,Birren,B.,Hensley,L.,Levin,J.Z.,Happi,C.T.,Garry,R.F.,Sabeti,P.C."	Andersen et al.	Broad Institute	LIV_V
KM821865	KM821865.1	G2587-SLE-2012	2012-XX-XX	Africa	Sierra Leone			3395	Homo sapiens		2014-10-14	2014-10-14		"Andersen,K.G.,Shapiro,B.J.,Matranga,C.B.,Gire,S.K.,Sealfon,R.,England,E.M.,Winnicki,S.,Moses,L.M.,Stremlau,M.,Folarin,O.,Odia,I.,Ehiane,P.,Goba,A.,Momoh,M.,Gnirke,A.,Birren,B.,Hensley,L.,Levin,J.Z.,Happi,C.T.,Garry,R.F.,Sabeti,P.C."	Andersen et al.	Broad Institute	LIV_V
KM821899	KM821899.1	G3206-SLE-2013	2013-XX-XX	Africa	Sierra Leone			3397	Homo sapiens		2014-10-14	2015-01-08		"Andersen,K.G.,Shapiro,B.J.,Matranga,C.B.,Gire,S.K.,Sealfon,R.,England,E.M.,Winnicki,S.,Moses,L.M.,Stremlau,M.,Folarin,O.,Odia,I.,Ehiane,P.,Goba,A.,Momoh,M.,Gnirke,A.,Birren,B.,Hensley,L.,Levin,J.Z.,Happi,C.T.,Garry,R.F.,Sabeti,P.C."	Andersen et al.	Broad Institute	LIV_V
KM821900	KM821900.1	G3222-SLE-2013	2013-XX-XX	Africa	Sierra Leone			3402	Homo sapiens		2014-10-14	2015-01-08		"Andersen,K.G.,Shapiro,B.J.,Matranga,C.B.,Gire,S.K.,Sealfon,R.,England,E.M.,Winnicki,S.,Moses,L.M.,Stremlau,M.,Folarin,O.,Odia,I.,Ehiane,P.,Goba,A.,Momoh,M.,Gnirke,A.,Birren,B.,Hensley,L.,Levin,J.Z.,Happi,C.T.,Garry,R.F.,Sabeti,P.C."	Andersen et al.	Broad Institute	LIV_V
KM821910	KM821910.1	G3283-SLE-2013	2013-XX-XX	Africa	Sierra Leone			3269	Homo sapiens		2014-10-14	2015-01-08		"Andersen,K.G.,Shapiro,B.J.,Matranga,C.B.,Gire,S.K.,Sealfon,R.,England,E.M.,Winnicki,S.,Moses,L.M.,Stremlau,M.,Folarin,O.,Odia,I.,Ehiane,P.,Goba,A.,Momoh,M.,Gnirke,A.,Birren,B.,Hensley,L.,Levin,J.Z.,Happi,C.T.,Garry,R.F.,Sabeti,P.C."	Andersen et al.	Broad Institute	LIV_V
KM822120	KM822120.1	LM774-SLE-2012	2012-XX-XX	Africa	Sierra Leone			3398	Mastomys natalensis		2014-10-14	2014-10-14		"Andersen,K.G.,Shapiro,B.J.,Matranga,C.B.,Gire,S.K.,Sealfon,R.,England,E.M.,Winnicki,S.,Moses,L.M.,Stremlau,M.,Folarin,O.,Odia,I.,Ehiane,P.,Goba,A.,Momoh,M.,Gnirke,A.,Birren,B.,Hensley,L.,Levin,J.Z.,Happi,C.T.,Garry,R.F.,Sabeti,P.C."	Andersen et al.	Broad Institute	LIV_V
KT992420	KT992420.1	Mad69	2014-05-09	Africa	Guinea			3393	Mastomys erythroleucus		2016-05-31	2016-05-31		"Olayemi,A.,Cadar,D.,Magassouba,N.,Obadare,A.,Kourouma,F.,Oyeyiola,A.,Fasogbon,S.,Igbokwe,J.,Rieger,T.,Bockholt,S.,Jerome,H.,Schmidt-Chanasit,J.,Garigliany,M.,Lorenzen,S.,Igbahenah,F.,Fichet,J.N.,Ortsega,D.,Omilabu,S.,Gunther,S.,Fichet-Calvet,E.,Fichet,J.-N."	Olayemi et al.	"Bernhard-Nocht Institute of Tropical Medicine, Virology"	LIV_V
MG812631	MG812631.1	807987	1981-XX-XX	Africa	Liberia			3402	Homo sapiens		2019-01-31	2019-01-31		"Welch,S.R.,Davis,W.G.,Patel,K.,Albarino,C.G.,Stroher,U."	Welch et al.	"Centers for Disease Control and Prevention, Viral Special Pathogens Branch"	LIV_V
MG812632	MG812632.1	807978	1981-XX-XX	Africa	Liberia			3391	Homo sapiens		2019-01-31	2019-01-31		"Welch,S.R.,Davis,W.G.,Patel,K.,Albarino,C.G.,Stroher,U."	Welch et al.	"Centers for Disease Control and Prevention, Viral Special Pathogens Branch"	LIV_V
MG812677	MG812677.1	LF17013	2017-02-13	Africa	Liberia	Bong		3304	Homo sapiens		2019-01-31	2019-01-31		"Welch,S.R.,Davis,W.G.,Patel,K.,Albarino,C.G.,Stroher,U."	Welch et al.	"Centers for Disease Control and Prevention, Viral Special Pathogens Branch"	LIV_V
MG812683	MG812683.1	808714	1980-XX-XX	Africa	Sierra Leone			3375	Homo sapiens		2019-01-31	2019-01-31		"Welch,S.R.,Davis,W.G.,Patel,K.,Albarino,C.G.,Stroher,U."	Welch et al.	"Centers for Disease Control and Prevention, Viral Special Pathogens Branch"	LIV_V
MK656426	MK656426.1	LASV_3715	2015-09-07	Africa	CÃ´te d'Ivoire			1473	Mastomys		2019-09-30	2019-09-30		"Escalera-Zamudio,M.,Kouadio,L.,Matranga,C.B.,du Plessis,L.,Theze,J.,Pybus,O.G.,Calvignac-Spencer,S.,Leendertz,F.H."	Escalera-Zamudio et al.	"The University of Oxford, Zoology"	LIV_V
OM735970	OM735970.1	M.natalensis-wt/SLE/2019/Largo-00292	2019-10-27	Africa	Sierra Leone	Largo		3401	Mastomys natalensis		2022-07-02	2023-11-22		"Ghersi,B.,Vucak,M.,Nichols,J.,Bangura,J.,Davison,A.J.,Bird,B."	Ghersi et al.	"University of Glasgow, Centre for Virus Research"	LIV_V
OM735974	OM735974.1	L.sikapusi-wt/SLE/2019/Barlie-00241	2019-10-11	Africa	Sierra Leone	Barlie		3400	Lophuromys sikapusi		2022-07-02	2023-11-22		"Ghersi,B.,Vucak,M.,Nichols,J.,Bangura,J.,Davison,A.J.,Bird,B."	Ghersi et al.	"University of Glasgow, Centre for Virus Research"	LIV_V
OM791228	OM791228.1	M.natalensis/SLE/2019/Kamasseh-08477	2019-04-17	Africa	Sierra Leone	Kamasseh		3395	Mastomys natalensis		2022-07-13	2023-11-22		"Ghersi,B.,Vucak,M.,Nichols,J.,Bangura,J.,Davison,A.J.,Bird,B."	Ghersi et al.	"University of Glasgow, Centre for Virus Research"	LIV_V
KU961971	KU961971.1	Togo/2016/7082	2016-02-26	Africa	Togo			3384	Homo sapiens		2016-03-23	2016-07-22		"Rieger,T.,Cadar,D.,Schmidt-Chanasit,J.,Gunther,S."	Rieger et al.	"Bernhard Nocht Institute for Tropical Medicine, WHO Collaborating Centre for Arboviruses and Hemorrhagic Fever Reference and Research"	LVII
LT601602	LT601602.1	Alzey	2016-03-16	Africa	Togo			3415			2016-07-28	2017-10-11		"Hain,T."	Hain et al.	"Institute for Medical Microbiology, NGS core facility, Justus-Liebig-University, Institute for Medical Microbiology, Schuberttrasse 81, 35392 Giessen, Hessia, 35392"	LVII
MF990888	MF990888.1	Lassa/H.sapiens-wt/TGO/2016/201600568	2016-03-12	Africa	Togo			3374	Homo sapiens		2018-03-21	2018-03-21		"Whitmer,S.L.M.,Strecker,T.,Cadar,D.,Dienes,H.P.,Faber,K.,Patel,K.,Brown,S.M.,Davis,W.G.,Klena,J.D.,Rollin,P.E.,Schmidt-Chanasit,J.,Fichet-Calvet,E.,Noack,B.,Emmerich,P.,Rieger,T.,Wolff,S.,Fehling,S.K.,Eickmann,M.,Mengel,J.P.,Schultze,T.,Hain,T.,Ampofo,W.,Bonney,K.,Aryeequaye,J.N.D.,Ribner,B.,Varkey,J.B.,Mehta,A.K.,Lyon,G.M. III,Kann,G.,De Leuw,P.,Schuettfort,G.,Stephan,C.,Wieland,U.,Fries,J.W.U.,Kochanek,M.,Kraft,C.S.,Wolf,T.,Nichol,S.T.,Becker,S.,Stroher,U.,Gunther,S.,Davis,W.,Stroeher,U."	Whitmer et al.	"The Centers for Disease Control and Prevention, Viral Special Pathogens Branch"	LVII
MF990889	MF990889.1	Lassa/H.sapiens-tc/TGO/2016/812939	2016-03-12	Africa	Togo			3383	Homo sapiens		2018-03-21	2018-03-21		"Whitmer,S.L.M.,Strecker,T.,Cadar,D.,Dienes,H.P.,Faber,K.,Patel,K.,Brown,S.M.,Davis,W.G.,Klena,J.D.,Rollin,P.E.,Schmidt-Chanasit,J.,Fichet-Calvet,E.,Noack,B.,Emmerich,P.,Rieger,T.,Wolff,S.,Fehling,S.K.,Eickmann,M.,Mengel,J.P.,Schultze,T.,Hain,T.,Ampofo,W.,Bonney,K.,Aryeequaye,J.N.D.,Ribner,B.,Varkey,J.B.,Mehta,A.K.,Lyon,G.M. III,Kann,G.,De Leuw,P.,Schuettfort,G.,Stephan,C.,Wieland,U.,Fries,J.W.U.,Kochanek,M.,Kraft,C.S.,Wolf,T.,Nichol,S.T.,Becker,S.,Stroher,U.,Gunther,S.,Davis,W.,Stroeher,U."	Whitmer et al.	"The Centers for Disease Control and Prevention, Viral Special Pathogens Branch"	LVII
MT193277	MT193277.1	BEN-16069	2016-02-23	Africa	Benin			3384	Homo sapiens		2020-08-18	2020-08-18		"Yadouleton,A.,Picard,C.,Rieger,T.,Loko,F.,Cadar,D.,Kouthon,E.C.,Job,E.O.,Bankole,H.,Oestereich,L.,Gbaguidi,F.,Pahlman,M.,Becker-Ziaja,B.,Journeaux,A.,Pannetier,D.,Mely,S.,Mundweiler,S.,Thomas,D.,Kohossi,L.,Saizonou,R.,Kakai,C.G.,Da Silva,M.,Kossoubedie,S.,Kakonku,A.L.,M'Pele,P.,Gunther,S.,Baize,S.,Fichet-Calvet,E."	Yadouleton et al.	"UBIVE, Virology"	LVII
MT193278	MT193278.1	BEN-16070	2016-01-29	Africa	Benin			3384	Homo sapiens		2020-08-18	2020-08-18		"Yadouleton,A.,Picard,C.,Rieger,T.,Loko,F.,Cadar,D.,Kouthon,E.C.,Job,E.O.,Bankole,H.,Oestereich,L.,Gbaguidi,F.,Pahlman,M.,Becker-Ziaja,B.,Journeaux,A.,Pannetier,D.,Mely,S.,Mundweiler,S.,Thomas,D.,Kohossi,L.,Saizonou,R.,Kakai,C.G.,Da Silva,M.,Kossoubedie,S.,Kakonku,A.L.,M'Pele,P.,Gunther,S.,Baize,S.,Fichet-Calvet,E."	Yadouleton et al.	"UBIVE, Virology"	LVII
MT193279	MT193279.1	BEN-16071	2016-02-07	Africa	Benin			3384	Homo sapiens		2020-08-18	2020-08-18		"Yadouleton,A.,Picard,C.,Rieger,T.,Loko,F.,Cadar,D.,Kouthon,E.C.,Job,E.O.,Bankole,H.,Oestereich,L.,Gbaguidi,F.,Pahlman,M.,Becker-Ziaja,B.,Journeaux,A.,Pannetier,D.,Mely,S.,Mundweiler,S.,Thomas,D.,Kohossi,L.,Saizonou,R.,Kakai,C.G.,Da Silva,M.,Kossoubedie,S.,Kakonku,A.L.,M'Pele,P.,Gunther,S.,Baize,S.,Fichet-Calvet,E."	Yadouleton et al.	"UBIVE, Virology"	LVII
MT193280	MT193280.1	BEN-16082	2016-03-05	Africa	Benin			3384	Homo sapiens		2020-08-18	2020-08-18		"Yadouleton,A.,Picard,C.,Rieger,T.,Loko,F.,Cadar,D.,Kouthon,E.C.,Job,E.O.,Bankole,H.,Oestereich,L.,Gbaguidi,F.,Pahlman,M.,Becker-Ziaja,B.,Journeaux,A.,Pannetier,D.,Mely,S.,Mundweiler,S.,Thomas,D.,Kohossi,L.,Saizonou,R.,Kakai,C.G.,Da Silva,M.,Kossoubedie,S.,Kakonku,A.L.,M'Pele,P.,Gunther,S.,Baize,S.,Fichet-Calvet,E."	Yadouleton et al.	"UBIVE, Virology"	LVII
MT193281	MT193281.1	BEN-16090	2016-03-13	Africa	Benin			3384	Homo sapiens		2020-08-18	2020-08-18		"Yadouleton,A.,Picard,C.,Rieger,T.,Loko,F.,Cadar,D.,Kouthon,E.C.,Job,E.O.,Bankole,H.,Oestereich,L.,Gbaguidi,F.,Pahlman,M.,Becker-Ziaja,B.,Journeaux,A.,Pannetier,D.,Mely,S.,Mundweiler,S.,Thomas,D.,Kohossi,L.,Saizonou,R.,Kakai,C.G.,Da Silva,M.,Kossoubedie,S.,Kakonku,A.L.,M'Pele,P.,Gunther,S.,Baize,S.,Fichet-Calvet,E."	Yadouleton et al.	"UBIVE, Virology"	LVII
MT193282	MT193282.1	BEN-16131	2016-04-10	Africa	Benin			3384	Homo sapiens		2020-08-18	2020-08-18		"Yadouleton,A.,Picard,C.,Rieger,T.,Loko,F.,Cadar,D.,Kouthon,E.C.,Job,E.O.,Bankole,H.,Oestereich,L.,Gbaguidi,F.,Pahlman,M.,Becker-Ziaja,B.,Journeaux,A.,Pannetier,D.,Mely,S.,Mundweiler,S.,Thomas,D.,Kohossi,L.,Saizonou,R.,Kakai,C.G.,Da Silva,M.,Kossoubedie,S.,Kakonku,A.L.,M'Pele,P.,Gunther,S.,Baize,S.,Fichet-Calvet,E."	Yadouleton et al.	"UBIVE, Virology"	LVII
MT193284	MT193284.1	BEN-14-26530	2014-10-23	Africa	Benin			3385	Homo sapiens		2020-08-18	2020-08-18		"Yadouleton,A.,Picard,C.,Rieger,T.,Loko,F.,Cadar,D.,Kouthon,E.C.,Job,E.O.,Bankole,H.,Oestereich,L.,Gbaguidi,F.,Pahlman,M.,Becker-Ziaja,B.,Journeaux,A.,Pannetier,D.,Mely,S.,Mundweiler,S.,Thomas,D.,Kohossi,L.,Saizonou,R.,Kakai,C.G.,Da Silva,M.,Kossoubedie,S.,Kakonku,A.L.,M'Pele,P.,Gunther,S.,Baize,S.,Fichet-Calvet,E."	Yadouleton et al.	"UBIVE, Virology"	LVII
MT193285	MT193285.1	BEN-14-26529	2014-10-25	Africa	Benin			3385	Homo sapiens		2020-08-18	2020-08-18		"Yadouleton,A.,Picard,C.,Rieger,T.,Loko,F.,Cadar,D.,Kouthon,E.C.,Job,E.O.,Bankole,H.,Oestereich,L.,Gbaguidi,F.,Pahlman,M.,Becker-Ziaja,B.,Journeaux,A.,Pannetier,D.,Mely,S.,Mundweiler,S.,Thomas,D.,Kohossi,L.,Saizonou,R.,Kakai,C.G.,Da Silva,M.,Kossoubedie,S.,Kakonku,A.L.,M'Pele,P.,Gunther,S.,Baize,S.,Fichet-Calvet,E."	Yadouleton et al.	"UBIVE, Virology"	LVII
MT193286	MT193286.1	BEN-16-3490	2016-01-21	Africa	Benin			3385	Homo sapiens		2020-08-18	2020-08-18		"Yadouleton,A.,Picard,C.,Rieger,T.,Loko,F.,Cadar,D.,Kouthon,E.C.,Job,E.O.,Bankole,H.,Oestereich,L.,Gbaguidi,F.,Pahlman,M.,Becker-Ziaja,B.,Journeaux,A.,Pannetier,D.,Mely,S.,Mundweiler,S.,Thomas,D.,Kohossi,L.,Saizonou,R.,Kakai,C.G.,Da Silva,M.,Kossoubedie,S.,Kakonku,A.L.,M'Pele,P.,Gunther,S.,Baize,S.,Fichet-Calvet,E."	Yadouleton et al.	"UBIVE, Virology"	LVII
MT193288	MT193288.1	BEN-16-3488	2016-01-21	Africa	Benin			3396	Homo sapiens		2020-08-18	2020-08-18		"Yadouleton,A.,Picard,C.,Rieger,T.,Loko,F.,Cadar,D.,Kouthon,E.C.,Job,E.O.,Bankole,H.,Oestereich,L.,Gbaguidi,F.,Pahlman,M.,Becker-Ziaja,B.,Journeaux,A.,Pannetier,D.,Mely,S.,Mundweiler,S.,Thomas,D.,Kohossi,L.,Saizonou,R.,Kakai,C.G.,Da Silva,M.,Kossoubedie,S.,Kakonku,A.L.,M'Pele,P.,Gunther,S.,Baize,S.,Fichet-Calvet,E."	Yadouleton et al.	"UBIVE, Virology"	LVII