threshold,seq,virus,status,is_keep
0.01,NC_038364.1 |Mammarenavirus loeiense,NC_038364.1,fail,False
0.01,NC_040762.1 |Mammarenavirus aporeense,NC_040762.1,fail,False
0.01,NC_039009.1 |Mammarenavirus ryukyuense,NC_039009.1,fail,False
0.01,NC_078292.1 |Mammarenavirus kitaleense,NC_078292.1,pass,False
0.01,NC_078102.1 |Mammarenavirus lijiangense,NC_078102.1,pass,False
0.01,NC_078697.1 |Mammarenavirus kwanzaense,NC_078697.1,pass,False
0.01,NC_038367.1 |Mammarenavirus solweziense,NC_038367.1,pass,False
0.01,NC_055439.1 |Mammarenavirus xapuriense,NC_055439.1,pass,False
0.01,NC_078696.1 |Mammarenavirus bituense,NC_078696.1,pass,False
0.01,NC_079107.1 |Mammarenavirus dhati-welelense,NC_079107.1,pass,False
0.01,NC_078106.1 |Mammarenavirus alashanense,NC_078106.1,pass,False
0.01,NC_039012.1 |Mammarenavirus cameroonense,NC_039012.1,pass,False
0.01,NC_012776.1 |Mammarenavirus lujoense,NC_012776.1,fail,False
0.01,NC_010756.1 |Mammarenavirus paranaense,NC_010756.1,fail,False
0.01,NC_010757.1 |Mammarenavirus flexalense,NC_010757.1,fail,False
0.01,NC_010758.1 |Mammarenavirus latinum,NC_010758.1,fail,False
0.01,NC_077807.1 |Mammarenavirus choriomeningitidis,NC_077807.1,pass,False
0.01,NC_010700.1 |Mammarenavirus whitewaterense,NC_010700.1,fail,False
0.01,NC_027134.1 |Mammarenavirus marientalense,NC_027134.1,pass,False
0.01,NC_010247.1 |Mammarenavirus amapariense,NC_010247.1,fail,False
0.01,NC_010253.1 |Mammarenavirus allpahuayoense,NC_010253.1,fail,False
0.01,NC_026246.1 |Mammarenavirus gairoense,NC_026246.1,pass,False
0.01,NC_010254.1 |Mammarenavirus cupixiense,NC_010254.1,fail,False
0.01,NC_026018.1 |Mammarenavirus wenzhouense,NC_026018.1,pass,False
0.01,NC_023764.1 |Mammarenavirus merinoense,NC_023764.1,pass,False
0.01,NC_018710.1 |Mammarenavirus lunkense,NC_018710.1,pass,False
0.01,NC_027135.1 |Mammarenavirus okahandjaense,NC_027135.1,pass,False
0.01,NC_006447.1 |Mammarenavirus caliense,NC_006447.1,fail,False
0.01,NC_016152.1 |Mammarenavirus lunaense,NC_016152.1,pass,False
0.01,NC_013057.1 |Mammarenavirus mopeiaense,NC_013057.1,pass,False
0.01,NC_010701.1 |Mammarenavirus tamiamiense,NC_010701.1,pass,False
0.01,NC_005081.1 |Mammarenavirus juninense,NC_005081.1,fail,False
0.01,NC_004293.1 |Mammarenavirus tacaribeense,NC_004293.1,fail,False
0.01,NC_010562.1 |Mammarenavirus chapareense,NC_010562.1,pass,False
0.01,NC_010256.1 |Mammarenavirus bearense,NC_010256.1,pass,False
0.01,NC_006575.1 |Mammarenavirus mopeiaense,NC_006575.1,pass,False
0.01,NC_007905.1 |Mammarenavirus ippyense,NC_007905.1,pass,False
0.01,NC_010248.1 |Mammarenavirus oliverosense,NC_010248.1,pass,False
0.01,NC_004296.1 |Mammarenavirus lassaense,NC_004296.1,pass,True
0.01,NC_005078.1 |Mammarenavirus machupoense,NC_005078.1,pass,False
0.01,NC_007903.1 |Mammarenavirus praomyidis,NC_007903.1,pass,False
0.01,NC_005894.1 |Mammarenavirus piritalense,NC_005894.1,pass,False
0.01,NC_005077.1 |Mammarenavirus guanaritoense,NC_005077.1,pass,False
0.01,NC_004294.1 |Mammarenavirus choriomeningitidis,NC_004294.1,pass,False
0.02,NC_055439.1 |Mammarenavirus xapuriense,NC_055439.1,fail,False
0.02,NC_040762.1 |Mammarenavirus aporeense,NC_040762.1,fail,False
0.02,NC_039009.1 |Mammarenavirus ryukyuense,NC_039009.1,fail,False
0.02,NC_038364.1 |Mammarenavirus loeiense,NC_038364.1,fail,False
0.02,NC_027134.1 |Mammarenavirus marientalense,NC_027134.1,pass,False
0.02,NC_078102.1 |Mammarenavirus lijiangense,NC_078102.1,pass,False
0.02,NC_039012.1 |Mammarenavirus cameroonense,NC_039012.1,pass,False
0.02,NC_078292.1 |Mammarenavirus kitaleense,NC_078292.1,pass,False
0.02,NC_078106.1 |Mammarenavirus alashanense,NC_078106.1,pass,False
0.02,NC_078696.1 |Mammarenavirus bituense,NC_078696.1,pass,False
0.02,NC_078697.1 |Mammarenavirus kwanzaense,NC_078697.1,pass,False
0.02,NC_079107.1 |Mammarenavirus dhati-welelense,NC_079107.1,pass,False
0.02,NC_012776.1 |Mammarenavirus lujoense,NC_012776.1,fail,False
0.02,NC_010756.1 |Mammarenavirus paranaense,NC_010756.1,fail,False
0.02,NC_010757.1 |Mammarenavirus flexalense,NC_010757.1,fail,False
0.02,NC_010758.1 |Mammarenavirus latinum,NC_010758.1,fail,False
0.02,NC_038367.1 |Mammarenavirus solweziense,NC_038367.1,pass,False
0.02,NC_010700.1 |Mammarenavirus whitewaterense,NC_010700.1,fail,False
0.02,NC_010562.1 |Mammarenavirus chapareense,NC_010562.1,fail,False
0.02,NC_010247.1 |Mammarenavirus amapariense,NC_010247.1,fail,False
0.02,NC_010253.1 |Mammarenavirus allpahuayoense,NC_010253.1,fail,False
0.02,NC_010248.1 |Mammarenavirus oliverosense,NC_010248.1,fail,False
0.02,NC_010254.1 |Mammarenavirus cupixiense,NC_010254.1,fail,False
0.02,NC_010256.1 |Mammarenavirus bearense,NC_010256.1,fail,False
0.02,NC_077807.1 |Mammarenavirus choriomeningitidis,NC_077807.1,pass,False
0.02,NC_027135.1 |Mammarenavirus okahandjaense,NC_027135.1,pass,False
0.02,NC_026018.1 |Mammarenavirus wenzhouense,NC_026018.1,pass,False
0.02,NC_006447.1 |Mammarenavirus caliense,NC_006447.1,fail,False
0.02,NC_005894.1 |Mammarenavirus piritalense,NC_005894.1,fail,False
0.02,NC_023764.1 |Mammarenavirus merinoense,NC_023764.1,pass,False
0.02,NC_013057.1 |Mammarenavirus mopeiaense,NC_013057.1,pass,False
0.02,NC_005081.1 |Mammarenavirus juninense,NC_005081.1,fail,False
0.02,NC_004293.1 |Mammarenavirus tacaribeense,NC_004293.1,fail,False
0.02,NC_016152.1 |Mammarenavirus lunaense,NC_016152.1,pass,False
0.02,NC_018710.1 |Mammarenavirus lunkense,NC_018710.1,pass,False
0.02,NC_026246.1 |Mammarenavirus gairoense,NC_026246.1,pass,False
0.02,NC_007905.1 |Mammarenavirus ippyense,NC_007905.1,pass,False
0.02,NC_007903.1 |Mammarenavirus praomyidis,NC_007903.1,pass,False
0.02,NC_004296.1 |Mammarenavirus lassaense,NC_004296.1,pass,True
0.02,NC_010701.1 |Mammarenavirus tamiamiense,NC_010701.1,pass,False
0.02,NC_006575.1 |Mammarenavirus mopeiaense,NC_006575.1,pass,False
0.02,NC_004294.1 |Mammarenavirus choriomeningitidis,NC_004294.1,pass,False
0.02,NC_005077.1 |Mammarenavirus guanaritoense,NC_005077.1,pass,False
0.02,NC_005078.1 |Mammarenavirus machupoense,NC_005078.1,pass,False
0.03,NC_055439.1 |Mammarenavirus xapuriense,NC_055439.1,fail,False
0.03,NC_040762.1 |Mammarenavirus aporeense,NC_040762.1,fail,False
0.03,NC_038364.1 |Mammarenavirus loeiense,NC_038364.1,fail,False
0.03,NC_039009.1 |Mammarenavirus ryukyuense,NC_039009.1,fail,False
0.03,NC_077807.1 |Mammarenavirus choriomeningitidis,NC_077807.1,pass,False
0.03,NC_027134.1 |Mammarenavirus marientalense,NC_027134.1,pass,False
0.03,NC_078292.1 |Mammarenavirus kitaleense,NC_078292.1,pass,False
0.03,NC_078696.1 |Mammarenavirus bituense,NC_078696.1,pass,False
0.03,NC_023764.1 |Mammarenavirus merinoense,NC_023764.1,fail,False
0.03,NC_039012.1 |Mammarenavirus cameroonense,NC_039012.1,pass,False
0.03,NC_038367.1 |Mammarenavirus solweziense,NC_038367.1,pass,False
0.03,NC_078697.1 |Mammarenavirus kwanzaense,NC_078697.1,pass,False
0.03,NC_012776.1 |Mammarenavirus lujoense,NC_012776.1,fail,False
0.03,NC_010756.1 |Mammarenavirus paranaense,NC_010756.1,fail,False
0.03,NC_010757.1 |Mammarenavirus flexalense,NC_010757.1,fail,False
0.03,NC_010758.1 |Mammarenavirus latinum,NC_010758.1,fail,False
0.03,NC_010701.1 |Mammarenavirus tamiamiense,NC_010701.1,fail,False
0.03,NC_010700.1 |Mammarenavirus whitewaterense,NC_010700.1,fail,False
0.03,NC_010562.1 |Mammarenavirus chapareense,NC_010562.1,fail,False
0.03,NC_010247.1 |Mammarenavirus amapariense,NC_010247.1,fail,False
0.03,NC_010253.1 |Mammarenavirus allpahuayoense,NC_010253.1,fail,False
0.03,NC_010248.1 |Mammarenavirus oliverosense,NC_010248.1,fail,False
0.03,NC_010254.1 |Mammarenavirus cupixiense,NC_010254.1,fail,False
0.03,NC_010256.1 |Mammarenavirus bearense,NC_010256.1,fail,False
0.03,NC_079107.1 |Mammarenavirus dhati-welelense,NC_079107.1,pass,False
0.03,NC_078102.1 |Mammarenavirus lijiangense,NC_078102.1,pass,False
0.03,NC_078106.1 |Mammarenavirus alashanense,NC_078106.1,pass,False
0.03,NC_006447.1 |Mammarenavirus caliense,NC_006447.1,fail,False
0.03,NC_005894.1 |Mammarenavirus piritalense,NC_005894.1,fail,False
0.03,NC_026246.1 |Mammarenavirus gairoense,NC_026246.1,pass,False
0.03,NC_005078.1 |Mammarenavirus machupoense,NC_005078.1,fail,False
0.03,NC_005081.1 |Mammarenavirus juninense,NC_005081.1,fail,False
0.03,NC_004293.1 |Mammarenavirus tacaribeense,NC_004293.1,fail,False
0.03,NC_013057.1 |Mammarenavirus mopeiaense,NC_013057.1,pass,False
0.03,NC_016152.1 |Mammarenavirus lunaense,NC_016152.1,pass,False
0.03,NC_006575.1 |Mammarenavirus mopeiaense,NC_006575.1,pass,False
0.03,NC_026018.1 |Mammarenavirus wenzhouense,NC_026018.1,pass,False
0.03,NC_004296.1 |Mammarenavirus lassaense,NC_004296.1,pass,True
0.03,NC_027135.1 |Mammarenavirus okahandjaense,NC_027135.1,pass,False
0.03,NC_018710.1 |Mammarenavirus lunkense,NC_018710.1,pass,False
0.03,NC_007905.1 |Mammarenavirus ippyense,NC_007905.1,pass,False
0.03,NC_007903.1 |Mammarenavirus praomyidis,NC_007903.1,pass,False
0.03,NC_005077.1 |Mammarenavirus guanaritoense,NC_005077.1,pass,False
0.03,NC_004294.1 |Mammarenavirus choriomeningitidis,NC_004294.1,pass,False
0.04,NC_055439.1 |Mammarenavirus xapuriense,NC_055439.1,fail,False
0.04,NC_040762.1 |Mammarenavirus aporeense,NC_040762.1,fail,False
0.04,NC_038364.1 |Mammarenavirus loeiense,NC_038364.1,fail,False
0.04,NC_039009.1 |Mammarenavirus ryukyuense,NC_039009.1,fail,False
0.04,NC_027134.1 |Mammarenavirus marientalense,NC_027134.1,pass,False
0.04,NC_078292.1 |Mammarenavirus kitaleense,NC_078292.1,pass,False
0.04,NC_078697.1 |Mammarenavirus kwanzaense,NC_078697.1,pass,False
0.04,NC_078106.1 |Mammarenavirus alashanense,NC_078106.1,pass,False
0.04,NC_023764.1 |Mammarenavirus merinoense,NC_023764.1,fail,False
0.04,NC_038367.1 |Mammarenavirus solweziense,NC_038367.1,pass,False
0.04,NC_039012.1 |Mammarenavirus cameroonense,NC_039012.1,pass,False
0.04,NC_013057.1 |Mammarenavirus mopeiaense,NC_013057.1,fail,False
0.04,NC_012776.1 |Mammarenavirus lujoense,NC_012776.1,fail,False
0.04,NC_010756.1 |Mammarenavirus paranaense,NC_010756.1,fail,False
0.04,NC_010757.1 |Mammarenavirus flexalense,NC_010757.1,fail,False
0.04,NC_010758.1 |Mammarenavirus latinum,NC_010758.1,fail,False
0.04,NC_010701.1 |Mammarenavirus tamiamiense,NC_010701.1,fail,False
0.04,NC_010700.1 |Mammarenavirus whitewaterense,NC_010700.1,fail,False
0.04,NC_010562.1 |Mammarenavirus chapareense,NC_010562.1,fail,False
0.04,NC_010247.1 |Mammarenavirus amapariense,NC_010247.1,fail,False
0.04,NC_010253.1 |Mammarenavirus allpahuayoense,NC_010253.1,fail,False
0.04,NC_010248.1 |Mammarenavirus oliverosense,NC_010248.1,fail,False
0.04,NC_010254.1 |Mammarenavirus cupixiense,NC_010254.1,fail,False
0.04,NC_010256.1 |Mammarenavirus bearense,NC_010256.1,fail,False
0.04,NC_078696.1 |Mammarenavirus bituense,NC_078696.1,pass,False
0.04,NC_077807.1 |Mammarenavirus choriomeningitidis,NC_077807.1,pass,False
0.04,NC_079107.1 |Mammarenavirus dhati-welelense,NC_079107.1,pass,False
0.04,NC_006447.1 |Mammarenavirus caliense,NC_006447.1,fail,False
0.04,NC_005894.1 |Mammarenavirus piritalense,NC_005894.1,fail,False
0.04,NC_005077.1 |Mammarenavirus guanaritoense,NC_005077.1,fail,False
0.04,NC_005078.1 |Mammarenavirus machupoense,NC_005078.1,fail,False
0.04,NC_005081.1 |Mammarenavirus juninense,NC_005081.1,fail,False
0.04,NC_004293.1 |Mammarenavirus tacaribeense,NC_004293.1,fail,False
0.04,NC_078102.1 |Mammarenavirus lijiangense,NC_078102.1,pass,False
0.04,NC_004296.1 |Mammarenavirus lassaense,NC_004296.1,pass,True
0.04,NC_026018.1 |Mammarenavirus wenzhouense,NC_026018.1,pass,False
0.04,NC_016152.1 |Mammarenavirus lunaense,NC_016152.1,pass,False
0.04,NC_006575.1 |Mammarenavirus mopeiaense,NC_006575.1,pass,False
0.04,NC_026246.1 |Mammarenavirus gairoense,NC_026246.1,pass,False
0.04,NC_018710.1 |Mammarenavirus lunkense,NC_018710.1,pass,False
0.04,NC_007905.1 |Mammarenavirus ippyense,NC_007905.1,pass,False
0.04,NC_004294.1 |Mammarenavirus choriomeningitidis,NC_004294.1,pass,False
0.04,NC_007903.1 |Mammarenavirus praomyidis,NC_007903.1,pass,False
0.04,NC_027135.1 |Mammarenavirus okahandjaense,NC_027135.1,pass,False
0.05,NC_078102.1 |Mammarenavirus lijiangense,NC_078102.1,fail,False
0.05,NC_077807.1 |Mammarenavirus choriomeningitidis,NC_077807.1,fail,False
0.05,NC_038364.1 |Mammarenavirus loeiense,NC_038364.1,fail,False
0.05,NC_040762.1 |Mammarenavirus aporeense,NC_040762.1,fail,False
0.05,NC_055439.1 |Mammarenavirus xapuriense,NC_055439.1,fail,False
0.05,NC_027135.1 |Mammarenavirus okahandjaense,NC_027135.1,fail,False
0.05,NC_039009.1 |Mammarenavirus ryukyuense,NC_039009.1,fail,False
0.05,NC_026018.1 |Mammarenavirus wenzhouense,NC_026018.1,fail,False
0.05,NC_023764.1 |Mammarenavirus merinoense,NC_023764.1,fail,False
0.05,NC_018710.1 |Mammarenavirus lunkense,NC_018710.1,fail,False
0.05,NC_016152.1 |Mammarenavirus lunaense,NC_016152.1,fail,False
0.05,NC_013057.1 |Mammarenavirus mopeiaense,NC_013057.1,fail,False
0.05,NC_012776.1 |Mammarenavirus lujoense,NC_012776.1,fail,False
0.05,NC_010756.1 |Mammarenavirus paranaense,NC_010756.1,fail,False
0.05,NC_010757.1 |Mammarenavirus flexalense,NC_010757.1,fail,False
0.05,NC_010758.1 |Mammarenavirus latinum,NC_010758.1,fail,False
0.05,NC_010701.1 |Mammarenavirus tamiamiense,NC_010701.1,fail,False
0.05,NC_010700.1 |Mammarenavirus whitewaterense,NC_010700.1,fail,False
0.05,NC_010562.1 |Mammarenavirus chapareense,NC_010562.1,fail,False
0.05,NC_010247.1 |Mammarenavirus amapariense,NC_010247.1,fail,False
0.05,NC_010253.1 |Mammarenavirus allpahuayoense,NC_010253.1,fail,False
0.05,NC_010248.1 |Mammarenavirus oliverosense,NC_010248.1,fail,False
0.05,NC_010254.1 |Mammarenavirus cupixiense,NC_010254.1,fail,False
0.05,NC_010256.1 |Mammarenavirus bearense,NC_010256.1,fail,False
0.05,NC_079107.1 |Mammarenavirus dhati-welelense,NC_079107.1,pass,False
0.05,NC_027134.1 |Mammarenavirus marientalense,NC_027134.1,pass,False
0.05,NC_006575.1 |Mammarenavirus mopeiaense,NC_006575.1,fail,False
0.05,NC_006447.1 |Mammarenavirus caliense,NC_006447.1,fail,False
0.05,NC_005894.1 |Mammarenavirus piritalense,NC_005894.1,fail,False
0.05,NC_038367.1 |Mammarenavirus solweziense,NC_038367.1,pass,False
0.05,NC_005077.1 |Mammarenavirus guanaritoense,NC_005077.1,fail,False
0.05,NC_005078.1 |Mammarenavirus machupoense,NC_005078.1,fail,False
0.05,NC_005081.1 |Mammarenavirus juninense,NC_005081.1,fail,False
0.05,NC_004293.1 |Mammarenavirus tacaribeense,NC_004293.1,fail,False
0.05,NC_004294.1 |Mammarenavirus choriomeningitidis,NC_004294.1,fail,False
0.05,NC_078697.1 |Mammarenavirus kwanzaense,NC_078697.1,pass,False
0.05,NC_039012.1 |Mammarenavirus cameroonense,NC_039012.1,pass,False
0.05,NC_026246.1 |Mammarenavirus gairoense,NC_026246.1,pass,False
0.05,NC_078292.1 |Mammarenavirus kitaleense,NC_078292.1,pass,False
0.05,NC_078696.1 |Mammarenavirus bituense,NC_078696.1,pass,False
0.05,NC_078106.1 |Mammarenavirus alashanense,NC_078106.1,pass,False
0.05,NC_007903.1 |Mammarenavirus praomyidis,NC_007903.1,pass,False
0.05,NC_004296.1 |Mammarenavirus lassaense,NC_004296.1,pass,True
0.05,NC_007905.1 |Mammarenavirus ippyense,NC_007905.1,pass,False
0.06,NC_078696.1 |Mammarenavirus bituense,NC_078696.1,fail,False
0.06,NC_077807.1 |Mammarenavirus choriomeningitidis,NC_077807.1,fail,False
0.06,NC_078106.1 |Mammarenavirus alashanense,NC_078106.1,fail,False
0.06,NC_055439.1 |Mammarenavirus xapuriense,NC_055439.1,fail,False
0.06,NC_038364.1 |Mammarenavirus loeiense,NC_038364.1,fail,False
0.06,NC_040762.1 |Mammarenavirus aporeense,NC_040762.1,fail,False
0.06,NC_039012.1 |Mammarenavirus cameroonense,NC_039012.1,fail,False
0.06,NC_078102.1 |Mammarenavirus lijiangense,NC_078102.1,fail,False
0.06,NC_039009.1 |Mammarenavirus ryukyuense,NC_039009.1,fail,False
0.06,NC_027135.1 |Mammarenavirus okahandjaense,NC_027135.1,fail,False
0.06,NC_026018.1 |Mammarenavirus wenzhouense,NC_026018.1,fail,False
0.06,NC_023764.1 |Mammarenavirus merinoense,NC_023764.1,fail,False
0.06,NC_013057.1 |Mammarenavirus mopeiaense,NC_013057.1,fail,False
0.06,NC_016152.1 |Mammarenavirus lunaense,NC_016152.1,fail,False
0.06,NC_010756.1 |Mammarenavirus paranaense,NC_010756.1,fail,False
0.06,NC_018710.1 |Mammarenavirus lunkense,NC_018710.1,fail,False
0.06,NC_010758.1 |Mammarenavirus latinum,NC_010758.1,fail,False
0.06,NC_010700.1 |Mammarenavirus whitewaterense,NC_010700.1,fail,False
0.06,NC_010701.1 |Mammarenavirus tamiamiense,NC_010701.1,fail,False
0.06,NC_010562.1 |Mammarenavirus chapareense,NC_010562.1,fail,False
0.06,NC_012776.1 |Mammarenavirus lujoense,NC_012776.1,fail,False
0.06,NC_010253.1 |Mammarenavirus allpahuayoense,NC_010253.1,fail,False
0.06,NC_010254.1 |Mammarenavirus cupixiense,NC_010254.1,fail,False
0.06,NC_010248.1 |Mammarenavirus oliverosense,NC_010248.1,fail,False
0.06,NC_010256.1 |Mammarenavirus bearense,NC_010256.1,fail,False
0.06,NC_010247.1 |Mammarenavirus amapariense,NC_010247.1,fail,False
0.06,NC_010757.1 |Mammarenavirus flexalense,NC_010757.1,fail,False
0.06,NC_007903.1 |Mammarenavirus praomyidis,NC_007903.1,fail,False
0.06,NC_006575.1 |Mammarenavirus mopeiaense,NC_006575.1,fail,False
0.06,NC_006447.1 |Mammarenavirus caliense,NC_006447.1,fail,False
0.06,NC_005894.1 |Mammarenavirus piritalense,NC_005894.1,fail,False
0.06,NC_005077.1 |Mammarenavirus guanaritoense,NC_005077.1,fail,False
0.06,NC_005078.1 |Mammarenavirus machupoense,NC_005078.1,fail,False
0.06,NC_005081.1 |Mammarenavirus juninense,NC_005081.1,fail,False
0.06,NC_004293.1 |Mammarenavirus tacaribeense,NC_004293.1,fail,False
0.06,NC_004294.1 |Mammarenavirus choriomeningitidis,NC_004294.1,fail,False
0.06,NC_004296.1 |Mammarenavirus lassaense,NC_004296.1,pass,True
0.06,NC_026246.1 |Mammarenavirus gairoense,NC_026246.1,pass,False
0.06,NC_038367.1 |Mammarenavirus solweziense,NC_038367.1,pass,False
0.06,NC_079107.1 |Mammarenavirus dhati-welelense,NC_079107.1,pass,False
0.06,NC_027134.1 |Mammarenavirus marientalense,NC_027134.1,pass,False
0.06,NC_078292.1 |Mammarenavirus kitaleense,NC_078292.1,pass,False
0.06,NC_078697.1 |Mammarenavirus kwanzaense,NC_078697.1,pass,False
0.06,NC_007905.1 |Mammarenavirus ippyense,NC_007905.1,pass,False
0.07,NC_077807.1 |Mammarenavirus choriomeningitidis,NC_077807.1,fail,False
0.07,NC_078106.1 |Mammarenavirus alashanense,NC_078106.1,fail,False
0.07,NC_038364.1 |Mammarenavirus loeiense,NC_038364.1,fail,False
0.07,NC_055439.1 |Mammarenavirus xapuriense,NC_055439.1,fail,False
0.07,NC_040762.1 |Mammarenavirus aporeense,NC_040762.1,fail,False
0.07,NC_078102.1 |Mammarenavirus lijiangense,NC_078102.1,fail,False
0.07,NC_039009.1 |Mammarenavirus ryukyuense,NC_039009.1,fail,False
0.07,NC_078696.1 |Mammarenavirus bituense,NC_078696.1,fail,False
0.07,NC_039012.1 |Mammarenavirus cameroonense,NC_039012.1,fail,False
0.07,NC_027135.1 |Mammarenavirus okahandjaense,NC_027135.1,fail,False
0.07,NC_023764.1 |Mammarenavirus merinoense,NC_023764.1,fail,False
0.07,NC_026018.1 |Mammarenavirus wenzhouense,NC_026018.1,fail,False
0.07,NC_013057.1 |Mammarenavirus mopeiaense,NC_013057.1,fail,False
0.07,NC_018710.1 |Mammarenavirus lunkense,NC_018710.1,fail,False
0.07,NC_016152.1 |Mammarenavirus lunaense,NC_016152.1,fail,False
0.07,NC_010756.1 |Mammarenavirus paranaense,NC_010756.1,fail,False
0.07,NC_012776.1 |Mammarenavirus lujoense,NC_012776.1,fail,False
0.07,NC_010701.1 |Mammarenavirus tamiamiense,NC_010701.1,fail,False
0.07,NC_010757.1 |Mammarenavirus flexalense,NC_010757.1,fail,False
0.07,NC_010758.1 |Mammarenavirus latinum,NC_010758.1,fail,False
0.07,NC_010562.1 |Mammarenavirus chapareense,NC_010562.1,fail,False
0.07,NC_010700.1 |Mammarenavirus whitewaterense,NC_010700.1,fail,False
0.07,NC_010248.1 |Mammarenavirus oliverosense,NC_010248.1,fail,False
0.07,NC_010247.1 |Mammarenavirus amapariense,NC_010247.1,fail,False
0.07,NC_010253.1 |Mammarenavirus allpahuayoense,NC_010253.1,fail,False
0.07,NC_010256.1 |Mammarenavirus bearense,NC_010256.1,fail,False
0.07,NC_010254.1 |Mammarenavirus cupixiense,NC_010254.1,fail,False
0.07,NC_006575.1 |Mammarenavirus mopeiaense,NC_006575.1,fail,False
0.07,NC_007903.1 |Mammarenavirus praomyidis,NC_007903.1,fail,False
0.07,NC_005894.1 |Mammarenavirus piritalense,NC_005894.1,fail,False
0.07,NC_006447.1 |Mammarenavirus caliense,NC_006447.1,fail,False
0.07,NC_005078.1 |Mammarenavirus machupoense,NC_005078.1,fail,False
0.07,NC_005077.1 |Mammarenavirus guanaritoense,NC_005077.1,fail,False
0.07,NC_004293.1 |Mammarenavirus tacaribeense,NC_004293.1,fail,False
0.07,NC_005081.1 |Mammarenavirus juninense,NC_005081.1,fail,False
0.07,NC_004294.1 |Mammarenavirus choriomeningitidis,NC_004294.1,fail,False
0.07,NC_004296.1 |Mammarenavirus lassaense,NC_004296.1,pass,True
0.07,NC_026246.1 |Mammarenavirus gairoense,NC_026246.1,pass,False
0.07,NC_027134.1 |Mammarenavirus marientalense,NC_027134.1,pass,False
0.07,NC_078697.1 |Mammarenavirus kwanzaense,NC_078697.1,pass,False
0.07,NC_079107.1 |Mammarenavirus dhati-welelense,NC_079107.1,pass,False
0.07,NC_038367.1 |Mammarenavirus solweziense,NC_038367.1,pass,False
0.07,NC_007905.1 |Mammarenavirus ippyense,NC_007905.1,pass,False
0.07,NC_078292.1 |Mammarenavirus kitaleense,NC_078292.1,pass,False
0.08,NC_077807.1 |Mammarenavirus choriomeningitidis,NC_077807.1,fail,False
0.08,NC_078106.1 |Mammarenavirus alashanense,NC_078106.1,fail,False
0.08,NC_055439.1 |Mammarenavirus xapuriense,NC_055439.1,fail,False
0.08,NC_040762.1 |Mammarenavirus aporeense,NC_040762.1,fail,False
0.08,NC_078292.1 |Mammarenavirus kitaleense,NC_078292.1,fail,False
0.08,NC_078102.1 |Mammarenavirus lijiangense,NC_078102.1,fail,False
0.08,NC_038364.1 |Mammarenavirus loeiense,NC_038364.1,fail,False
0.08,NC_078696.1 |Mammarenavirus bituense,NC_078696.1,fail,False
0.08,NC_027135.1 |Mammarenavirus okahandjaense,NC_027135.1,fail,False
0.08,NC_039009.1 |Mammarenavirus ryukyuense,NC_039009.1,fail,False
0.08,NC_039012.1 |Mammarenavirus cameroonense,NC_039012.1,fail,False
0.08,NC_023764.1 |Mammarenavirus merinoense,NC_023764.1,fail,False
0.08,NC_026018.1 |Mammarenavirus wenzhouense,NC_026018.1,fail,False
0.08,NC_013057.1 |Mammarenavirus mopeiaense,NC_013057.1,fail,False
0.08,NC_018710.1 |Mammarenavirus lunkense,NC_018710.1,fail,False
0.08,NC_016152.1 |Mammarenavirus lunaense,NC_016152.1,fail,False
0.08,NC_010756.1 |Mammarenavirus paranaense,NC_010756.1,fail,False
0.08,NC_012776.1 |Mammarenavirus lujoense,NC_012776.1,fail,False
0.08,NC_010701.1 |Mammarenavirus tamiamiense,NC_010701.1,fail,False
0.08,NC_010757.1 |Mammarenavirus flexalense,NC_010757.1,fail,False
0.08,NC_010758.1 |Mammarenavirus latinum,NC_010758.1,fail,False
0.08,NC_010700.1 |Mammarenavirus whitewaterense,NC_010700.1,fail,False
0.08,NC_010562.1 |Mammarenavirus chapareense,NC_010562.1,fail,False
0.08,NC_010247.1 |Mammarenavirus amapariense,NC_010247.1,fail,False
0.08,NC_010253.1 |Mammarenavirus allpahuayoense,NC_010253.1,fail,False
0.08,NC_010248.1 |Mammarenavirus oliverosense,NC_010248.1,fail,False
0.08,NC_010254.1 |Mammarenavirus cupixiense,NC_010254.1,fail,False
0.08,NC_010256.1 |Mammarenavirus bearense,NC_010256.1,fail,False
0.08,NC_007903.1 |Mammarenavirus praomyidis,NC_007903.1,fail,False
0.08,NC_006575.1 |Mammarenavirus mopeiaense,NC_006575.1,fail,False
0.08,NC_006447.1 |Mammarenavirus caliense,NC_006447.1,fail,False
0.08,NC_005894.1 |Mammarenavirus piritalense,NC_005894.1,fail,False
0.08,NC_005077.1 |Mammarenavirus guanaritoense,NC_005077.1,fail,False
0.08,NC_005078.1 |Mammarenavirus machupoense,NC_005078.1,fail,False
0.08,NC_005081.1 |Mammarenavirus juninense,NC_005081.1,fail,False
0.08,NC_004293.1 |Mammarenavirus tacaribeense,NC_004293.1,fail,False
0.08,NC_004294.1 |Mammarenavirus choriomeningitidis,NC_004294.1,fail,False
0.08,NC_004296.1 |Mammarenavirus lassaense,NC_004296.1,pass,True
0.08,NC_027134.1 |Mammarenavirus marientalense,NC_027134.1,pass,False
0.08,NC_079107.1 |Mammarenavirus dhati-welelense,NC_079107.1,pass,False
0.08,NC_026246.1 |Mammarenavirus gairoense,NC_026246.1,pass,False
0.08,NC_007905.1 |Mammarenavirus ippyense,NC_007905.1,pass,False
0.08,NC_038367.1 |Mammarenavirus solweziense,NC_038367.1,pass,False
0.08,NC_078697.1 |Mammarenavirus kwanzaense,NC_078697.1,pass,False
0.09,NC_055439.1 |Mammarenavirus xapuriense,NC_055439.1,fail,False
0.09,NC_078106.1 |Mammarenavirus alashanense,NC_078106.1,fail,False
0.09,NC_038364.1 |Mammarenavirus loeiense,NC_038364.1,fail,False
0.09,NC_078292.1 |Mammarenavirus kitaleense,NC_078292.1,fail,False
0.09,NC_078102.1 |Mammarenavirus lijiangense,NC_078102.1,fail,False
0.09,NC_078696.1 |Mammarenavirus bituense,NC_078696.1,fail,False
0.09,NC_040762.1 |Mammarenavirus aporeense,NC_040762.1,fail,False
0.09,NC_039009.1 |Mammarenavirus ryukyuense,NC_039009.1,fail,False
0.09,NC_039012.1 |Mammarenavirus cameroonense,NC_039012.1,fail,False
0.09,NC_023764.1 |Mammarenavirus merinoense,NC_023764.1,fail,False
0.09,NC_027135.1 |Mammarenavirus okahandjaense,NC_027135.1,fail,False
0.09,NC_018710.1 |Mammarenavirus lunkense,NC_018710.1,fail,False
0.09,NC_026018.1 |Mammarenavirus wenzhouense,NC_026018.1,fail,False
0.09,NC_016152.1 |Mammarenavirus lunaense,NC_016152.1,fail,False
0.09,NC_012776.1 |Mammarenavirus lujoense,NC_012776.1,fail,False
0.09,NC_010757.1 |Mammarenavirus flexalense,NC_010757.1,fail,False
0.09,NC_013057.1 |Mammarenavirus mopeiaense,NC_013057.1,fail,False
0.09,NC_010758.1 |Mammarenavirus latinum,NC_010758.1,fail,False
0.09,NC_010756.1 |Mammarenavirus paranaense,NC_010756.1,fail,False
0.09,NC_010701.1 |Mammarenavirus tamiamiense,NC_010701.1,fail,False
0.09,NC_010562.1 |Mammarenavirus chapareense,NC_010562.1,fail,False
0.09,NC_077807.1 |Mammarenavirus choriomeningitidis,NC_077807.1,fail,False
0.09,NC_010700.1 |Mammarenavirus whitewaterense,NC_010700.1,fail,False
0.09,NC_010253.1 |Mammarenavirus allpahuayoense,NC_010253.1,fail,False
0.09,NC_010248.1 |Mammarenavirus oliverosense,NC_010248.1,fail,False
0.09,NC_010247.1 |Mammarenavirus amapariense,NC_010247.1,fail,False
0.09,NC_010254.1 |Mammarenavirus cupixiense,NC_010254.1,fail,False
0.09,NC_007903.1 |Mammarenavirus praomyidis,NC_007903.1,fail,False
0.09,NC_007905.1 |Mammarenavirus ippyense,NC_007905.1,fail,False
0.09,NC_006447.1 |Mammarenavirus caliense,NC_006447.1,fail,False
0.09,NC_010256.1 |Mammarenavirus bearense,NC_010256.1,fail,False
0.09,NC_005894.1 |Mammarenavirus piritalense,NC_005894.1,fail,False
0.09,NC_006575.1 |Mammarenavirus mopeiaense,NC_006575.1,fail,False
0.09,NC_005077.1 |Mammarenavirus guanaritoense,NC_005077.1,fail,False
0.09,NC_005078.1 |Mammarenavirus machupoense,NC_005078.1,fail,False
0.09,NC_004293.1 |Mammarenavirus tacaribeense,NC_004293.1,fail,False
0.09,NC_005081.1 |Mammarenavirus juninense,NC_005081.1,fail,False
0.09,NC_004294.1 |Mammarenavirus choriomeningitidis,NC_004294.1,fail,False
0.09,NC_004296.1 |Mammarenavirus lassaense,NC_004296.1,pass,True
0.09,NC_027134.1 |Mammarenavirus marientalense,NC_027134.1,pass,False
0.09,NC_038367.1 |Mammarenavirus solweziense,NC_038367.1,pass,False
0.09,NC_026246.1 |Mammarenavirus gairoense,NC_026246.1,pass,False
0.09,NC_078697.1 |Mammarenavirus kwanzaense,NC_078697.1,pass,False
0.09,NC_079107.1 |Mammarenavirus dhati-welelense,NC_079107.1,pass,False
0.1,NC_078102.1 |Mammarenavirus lijiangense,NC_078102.1,fail,False
0.1,NC_077807.1 |Mammarenavirus choriomeningitidis,NC_077807.1,fail,False
0.1,NC_038364.1 |Mammarenavirus loeiense,NC_038364.1,fail,False
0.1,NC_078696.1 |Mammarenavirus bituense,NC_078696.1,fail,False
0.1,NC_040762.1 |Mammarenavirus aporeense,NC_040762.1,fail,False
0.1,NC_078106.1 |Mammarenavirus alashanense,NC_078106.1,fail,False
0.1,NC_078292.1 |Mammarenavirus kitaleense,NC_078292.1,fail,False
0.1,NC_078697.1 |Mammarenavirus kwanzaense,NC_078697.1,fail,False
0.1,NC_039009.1 |Mammarenavirus ryukyuense,NC_039009.1,fail,False
0.1,NC_055439.1 |Mammarenavirus xapuriense,NC_055439.1,fail,False
0.1,NC_026018.1 |Mammarenavirus wenzhouense,NC_026018.1,fail,False
0.1,NC_023764.1 |Mammarenavirus merinoense,NC_023764.1,fail,False
0.1,NC_039012.1 |Mammarenavirus cameroonense,NC_039012.1,fail,False
0.1,NC_027135.1 |Mammarenavirus okahandjaense,NC_027135.1,fail,False
0.1,NC_027134.1 |Mammarenavirus marientalense,NC_027134.1,fail,False
0.1,NC_013057.1 |Mammarenavirus mopeiaense,NC_013057.1,fail,False
0.1,NC_012776.1 |Mammarenavirus lujoense,NC_012776.1,fail,False
0.1,NC_016152.1 |Mammarenavirus lunaense,NC_016152.1,fail,False
0.1,NC_010701.1 |Mammarenavirus tamiamiense,NC_010701.1,fail,False
0.1,NC_010700.1 |Mammarenavirus whitewaterense,NC_010700.1,fail,False
0.1,NC_018710.1 |Mammarenavirus lunkense,NC_018710.1,fail,False
0.1,NC_010756.1 |Mammarenavirus paranaense,NC_010756.1,fail,False
0.1,NC_010757.1 |Mammarenavirus flexalense,NC_010757.1,fail,False
0.1,NC_010758.1 |Mammarenavirus latinum,NC_010758.1,fail,False
0.1,NC_010247.1 |Mammarenavirus amapariense,NC_010247.1,fail,False
0.1,NC_010253.1 |Mammarenavirus allpahuayoense,NC_010253.1,fail,False
0.1,NC_007905.1 |Mammarenavirus ippyense,NC_007905.1,fail,False
0.1,NC_006575.1 |Mammarenavirus mopeiaense,NC_006575.1,fail,False
0.1,NC_010254.1 |Mammarenavirus cupixiense,NC_010254.1,fail,False
0.1,NC_010248.1 |Mammarenavirus oliverosense,NC_010248.1,fail,False
0.1,NC_010256.1 |Mammarenavirus bearense,NC_010256.1,fail,False
0.1,NC_007903.1 |Mammarenavirus praomyidis,NC_007903.1,fail,False
0.1,NC_010562.1 |Mammarenavirus chapareense,NC_010562.1,fail,False
0.1,NC_006447.1 |Mammarenavirus caliense,NC_006447.1,fail,False
0.1,NC_005894.1 |Mammarenavirus piritalense,NC_005894.1,fail,False
0.1,NC_005077.1 |Mammarenavirus guanaritoense,NC_005077.1,fail,False
0.1,NC_005078.1 |Mammarenavirus machupoense,NC_005078.1,fail,False
0.1,NC_004293.1 |Mammarenavirus tacaribeense,NC_004293.1,fail,False
0.1,NC_004294.1 |Mammarenavirus choriomeningitidis,NC_004294.1,fail,False
0.1,NC_005081.1 |Mammarenavirus juninense,NC_005081.1,fail,False
0.1,NC_004296.1 |Mammarenavirus lassaense,NC_004296.1,pass,True
0.1,NC_026246.1 |Mammarenavirus gairoense,NC_026246.1,pass,False
0.1,NC_079107.1 |Mammarenavirus dhati-welelense,NC_079107.1,pass,False
0.1,NC_038367.1 |Mammarenavirus solweziense,NC_038367.1,pass,False
0.11,NC_077807.1 |Mammarenavirus choriomeningitidis,NC_077807.1,fail,False
0.11,NC_078102.1 |Mammarenavirus lijiangense,NC_078102.1,fail,False
0.11,NC_038364.1 |Mammarenavirus loeiense,NC_038364.1,fail,False
0.11,NC_078106.1 |Mammarenavirus alashanense,NC_078106.1,fail,False
0.11,NC_038367.1 |Mammarenavirus solweziense,NC_038367.1,fail,False
0.11,NC_078697.1 |Mammarenavirus kwanzaense,NC_078697.1,fail,False
0.11,NC_040762.1 |Mammarenavirus aporeense,NC_040762.1,fail,False
0.11,NC_055439.1 |Mammarenavirus xapuriense,NC_055439.1,fail,False
0.11,NC_078292.1 |Mammarenavirus kitaleense,NC_078292.1,fail,False
0.11,NC_039009.1 |Mammarenavirus ryukyuense,NC_039009.1,fail,False
0.11,NC_027134.1 |Mammarenavirus marientalense,NC_027134.1,fail,False
0.11,NC_026018.1 |Mammarenavirus wenzhouense,NC_026018.1,fail,False
0.11,NC_023764.1 |Mammarenavirus merinoense,NC_023764.1,fail,False
0.11,NC_078696.1 |Mammarenavirus bituense,NC_078696.1,fail,False
0.11,NC_016152.1 |Mammarenavirus lunaense,NC_016152.1,fail,False
0.11,NC_039012.1 |Mammarenavirus cameroonense,NC_039012.1,fail,False
0.11,NC_027135.1 |Mammarenavirus okahandjaense,NC_027135.1,fail,False
0.11,NC_013057.1 |Mammarenavirus mopeiaense,NC_013057.1,fail,False
0.11,NC_010756.1 |Mammarenavirus paranaense,NC_010756.1,fail,False
0.11,NC_018710.1 |Mammarenavirus lunkense,NC_018710.1,fail,False
0.11,NC_010758.1 |Mammarenavirus latinum,NC_010758.1,fail,False
0.11,NC_010562.1 |Mammarenavirus chapareense,NC_010562.1,fail,False
0.11,NC_012776.1 |Mammarenavirus lujoense,NC_012776.1,fail,False
0.11,NC_010757.1 |Mammarenavirus flexalense,NC_010757.1,fail,False
0.11,NC_010247.1 |Mammarenavirus amapariense,NC_010247.1,fail,False
0.11,NC_010700.1 |Mammarenavirus whitewaterense,NC_010700.1,fail,False
0.11,NC_010248.1 |Mammarenavirus oliverosense,NC_010248.1,fail,False
0.11,NC_010701.1 |Mammarenavirus tamiamiense,NC_010701.1,fail,False
0.11,NC_010254.1 |Mammarenavirus cupixiense,NC_010254.1,fail,False
0.11,NC_010256.1 |Mammarenavirus bearense,NC_010256.1,fail,False
0.11,NC_010253.1 |Mammarenavirus allpahuayoense,NC_010253.1,fail,False
0.11,NC_007905.1 |Mammarenavirus ippyense,NC_007905.1,fail,False
0.11,NC_006447.1 |Mammarenavirus caliense,NC_006447.1,fail,False
0.11,NC_005077.1 |Mammarenavirus guanaritoense,NC_005077.1,fail,False
0.11,NC_005078.1 |Mammarenavirus machupoense,NC_005078.1,fail,False
0.11,NC_004293.1 |Mammarenavirus tacaribeense,NC_004293.1,fail,False
0.11,NC_007903.1 |Mammarenavirus praomyidis,NC_007903.1,fail,False
0.11,NC_006575.1 |Mammarenavirus mopeiaense,NC_006575.1,fail,False
0.11,NC_004294.1 |Mammarenavirus choriomeningitidis,NC_004294.1,fail,False
0.11,NC_005894.1 |Mammarenavirus piritalense,NC_005894.1,fail,False
0.11,NC_005081.1 |Mammarenavirus juninense,NC_005081.1,fail,False
0.11,NC_004296.1 |Mammarenavirus lassaense,NC_004296.1,pass,True
0.11,NC_026246.1 |Mammarenavirus gairoense,NC_026246.1,pass,False
0.11,NC_079107.1 |Mammarenavirus dhati-welelense,NC_079107.1,pass,False
0.12,NC_077807.1 |Mammarenavirus choriomeningitidis,NC_077807.1,fail,False
0.12,NC_078102.1 |Mammarenavirus lijiangense,NC_078102.1,fail,False
0.12,NC_038364.1 |Mammarenavirus loeiense,NC_038364.1,fail,False
0.12,NC_078292.1 |Mammarenavirus kitaleense,NC_078292.1,fail,False
0.12,NC_078696.1 |Mammarenavirus bituense,NC_078696.1,fail,False
0.12,NC_038367.1 |Mammarenavirus solweziense,NC_038367.1,fail,False
0.12,NC_040762.1 |Mammarenavirus aporeense,NC_040762.1,fail,False
0.12,NC_055439.1 |Mammarenavirus xapuriense,NC_055439.1,fail,False
0.12,NC_078697.1 |Mammarenavirus kwanzaense,NC_078697.1,fail,False
0.12,NC_039012.1 |Mammarenavirus cameroonense,NC_039012.1,fail,False
0.12,NC_026018.1 |Mammarenavirus wenzhouense,NC_026018.1,fail,False
0.12,NC_039009.1 |Mammarenavirus ryukyuense,NC_039009.1,fail,False
0.12,NC_018710.1 |Mammarenavirus lunkense,NC_018710.1,fail,False
0.12,NC_027135.1 |Mammarenavirus okahandjaense,NC_027135.1,fail,False
0.12,NC_027134.1 |Mammarenavirus marientalense,NC_027134.1,fail,False
0.12,NC_016152.1 |Mammarenavirus lunaense,NC_016152.1,fail,False
0.12,NC_013057.1 |Mammarenavirus mopeiaense,NC_013057.1,fail,False
0.12,NC_078106.1 |Mammarenavirus alashanense,NC_078106.1,fail,False
0.12,NC_023764.1 |Mammarenavirus merinoense,NC_023764.1,fail,False
0.12,NC_010756.1 |Mammarenavirus paranaense,NC_010756.1,fail,False
0.12,NC_010701.1 |Mammarenavirus tamiamiense,NC_010701.1,fail,False
0.12,NC_010700.1 |Mammarenavirus whitewaterense,NC_010700.1,fail,False
0.12,NC_012776.1 |Mammarenavirus lujoense,NC_012776.1,fail,False
0.12,NC_010253.1 |Mammarenavirus allpahuayoense,NC_010253.1,fail,False
0.12,NC_010757.1 |Mammarenavirus flexalense,NC_010757.1,fail,False
0.12,NC_010758.1 |Mammarenavirus latinum,NC_010758.1,fail,False
0.12,NC_010254.1 |Mammarenavirus cupixiense,NC_010254.1,fail,False
0.12,NC_010248.1 |Mammarenavirus oliverosense,NC_010248.1,fail,False
0.12,NC_010562.1 |Mammarenavirus chapareense,NC_010562.1,fail,False
0.12,NC_010247.1 |Mammarenavirus amapariense,NC_010247.1,fail,False
0.12,NC_007903.1 |Mammarenavirus praomyidis,NC_007903.1,fail,False
0.12,NC_006447.1 |Mammarenavirus caliense,NC_006447.1,fail,False
0.12,NC_005894.1 |Mammarenavirus piritalense,NC_005894.1,fail,False
0.12,NC_010256.1 |Mammarenavirus bearense,NC_010256.1,fail,False
0.12,NC_005081.1 |Mammarenavirus juninense,NC_005081.1,fail,False
0.12,NC_006575.1 |Mammarenavirus mopeiaense,NC_006575.1,fail,False
0.12,NC_004293.1 |Mammarenavirus tacaribeense,NC_004293.1,fail,False
0.12,NC_007905.1 |Mammarenavirus ippyense,NC_007905.1,fail,False
0.12,NC_005078.1 |Mammarenavirus machupoense,NC_005078.1,fail,False
0.12,NC_004294.1 |Mammarenavirus choriomeningitidis,NC_004294.1,fail,False
0.12,NC_005077.1 |Mammarenavirus guanaritoense,NC_005077.1,fail,False
0.12,NC_004296.1 |Mammarenavirus lassaense,NC_004296.1,pass,True
0.12,NC_026246.1 |Mammarenavirus gairoense,NC_026246.1,pass,False
0.12,NC_079107.1 |Mammarenavirus dhati-welelense,NC_079107.1,pass,False
0.13,NC_077807.1 |Mammarenavirus choriomeningitidis,NC_077807.1,fail,False
0.13,NC_078102.1 |Mammarenavirus lijiangense,NC_078102.1,fail,False
0.13,NC_078292.1 |Mammarenavirus kitaleense,NC_078292.1,fail,False
0.13,NC_078106.1 |Mammarenavirus alashanense,NC_078106.1,fail,False
0.13,NC_078697.1 |Mammarenavirus kwanzaense,NC_078697.1,fail,False
0.13,NC_078696.1 |Mammarenavirus bituense,NC_078696.1,fail,False
0.13,NC_038364.1 |Mammarenavirus loeiense,NC_038364.1,fail,False
0.13,NC_039009.1 |Mammarenavirus ryukyuense,NC_039009.1,fail,False
0.13,NC_055439.1 |Mammarenavirus xapuriense,NC_055439.1,fail,False
0.13,NC_040762.1 |Mammarenavirus aporeense,NC_040762.1,fail,False
0.13,NC_038367.1 |Mammarenavirus solweziense,NC_038367.1,fail,False
0.13,NC_026018.1 |Mammarenavirus wenzhouense,NC_026018.1,fail,False
0.13,NC_027134.1 |Mammarenavirus marientalense,NC_027134.1,fail,False
0.13,NC_027135.1 |Mammarenavirus okahandjaense,NC_027135.1,fail,False
0.13,NC_013057.1 |Mammarenavirus mopeiaense,NC_013057.1,fail,False
0.13,NC_023764.1 |Mammarenavirus merinoense,NC_023764.1,fail,False
0.13,NC_039012.1 |Mammarenavirus cameroonense,NC_039012.1,fail,False
0.13,NC_018710.1 |Mammarenavirus lunkense,NC_018710.1,fail,False
0.13,NC_016152.1 |Mammarenavirus lunaense,NC_016152.1,fail,False
0.13,NC_010757.1 |Mammarenavirus flexalense,NC_010757.1,fail,False
0.13,NC_012776.1 |Mammarenavirus lujoense,NC_012776.1,fail,False
0.13,NC_010701.1 |Mammarenavirus tamiamiense,NC_010701.1,fail,False
0.13,NC_010756.1 |Mammarenavirus paranaense,NC_010756.1,fail,False
0.13,NC_010247.1 |Mammarenavirus amapariense,NC_010247.1,fail,False
0.13,NC_010758.1 |Mammarenavirus latinum,NC_010758.1,fail,False
0.13,NC_010700.1 |Mammarenavirus whitewaterense,NC_010700.1,fail,False
0.13,NC_010248.1 |Mammarenavirus oliverosense,NC_010248.1,fail,False
0.13,NC_010562.1 |Mammarenavirus chapareense,NC_010562.1,fail,False
0.13,NC_010253.1 |Mammarenavirus allpahuayoense,NC_010253.1,fail,False
0.13,NC_010256.1 |Mammarenavirus bearense,NC_010256.1,fail,False
0.13,NC_010254.1 |Mammarenavirus cupixiense,NC_010254.1,fail,False
0.13,NC_006575.1 |Mammarenavirus mopeiaense,NC_006575.1,fail,False
0.13,NC_005077.1 |Mammarenavirus guanaritoense,NC_005077.1,fail,False
0.13,NC_007903.1 |Mammarenavirus praomyidis,NC_007903.1,fail,False
0.13,NC_007905.1 |Mammarenavirus ippyense,NC_007905.1,fail,False
0.13,NC_005081.1 |Mammarenavirus juninense,NC_005081.1,fail,False
0.13,NC_006447.1 |Mammarenavirus caliense,NC_006447.1,fail,False
0.13,NC_005894.1 |Mammarenavirus piritalense,NC_005894.1,fail,False
0.13,NC_004293.1 |Mammarenavirus tacaribeense,NC_004293.1,fail,False
0.13,NC_005078.1 |Mammarenavirus machupoense,NC_005078.1,fail,False
0.13,NC_004294.1 |Mammarenavirus choriomeningitidis,NC_004294.1,fail,False
0.13,NC_004296.1 |Mammarenavirus lassaense,NC_004296.1,pass,True
0.13,NC_026246.1 |Mammarenavirus gairoense,NC_026246.1,pass,False
0.13,NC_079107.1 |Mammarenavirus dhati-welelense,NC_079107.1,pass,False
0.14,NC_078102.1 |Mammarenavirus lijiangense,NC_078102.1,fail,False
0.14,NC_077807.1 |Mammarenavirus choriomeningitidis,NC_077807.1,fail,False
0.14,NC_078106.1 |Mammarenavirus alashanense,NC_078106.1,fail,False
0.14,NC_038364.1 |Mammarenavirus loeiense,NC_038364.1,fail,False
0.14,NC_039009.1 |Mammarenavirus ryukyuense,NC_039009.1,fail,False
0.14,NC_038367.1 |Mammarenavirus solweziense,NC_038367.1,fail,False
0.14,NC_078696.1 |Mammarenavirus bituense,NC_078696.1,fail,False
0.14,NC_078292.1 |Mammarenavirus kitaleense,NC_078292.1,fail,False
0.14,NC_055439.1 |Mammarenavirus xapuriense,NC_055439.1,fail,False
0.14,NC_040762.1 |Mammarenavirus aporeense,NC_040762.1,fail,False
0.14,NC_039012.1 |Mammarenavirus cameroonense,NC_039012.1,fail,False
0.14,NC_027134.1 |Mammarenavirus marientalense,NC_027134.1,fail,False
0.14,NC_027135.1 |Mammarenavirus okahandjaense,NC_027135.1,fail,False
0.14,NC_012776.1 |Mammarenavirus lujoense,NC_012776.1,fail,False
0.14,NC_016152.1 |Mammarenavirus lunaense,NC_016152.1,fail,False
0.14,NC_013057.1 |Mammarenavirus mopeiaense,NC_013057.1,fail,False
0.14,NC_078697.1 |Mammarenavirus kwanzaense,NC_078697.1,fail,False
0.14,NC_023764.1 |Mammarenavirus merinoense,NC_023764.1,fail,False
0.14,NC_018710.1 |Mammarenavirus lunkense,NC_018710.1,fail,False
0.14,NC_010757.1 |Mammarenavirus flexalense,NC_010757.1,fail,False
0.14,NC_010758.1 |Mammarenavirus latinum,NC_010758.1,fail,False
0.14,NC_010756.1 |Mammarenavirus paranaense,NC_010756.1,fail,False
0.14,NC_010700.1 |Mammarenavirus whitewaterense,NC_010700.1,fail,False
0.14,NC_010701.1 |Mammarenavirus tamiamiense,NC_010701.1,fail,False
0.14,NC_007903.1 |Mammarenavirus praomyidis,NC_007903.1,fail,False
0.14,NC_026018.1 |Mammarenavirus wenzhouense,NC_026018.1,fail,False
0.14,NC_010247.1 |Mammarenavirus amapariense,NC_010247.1,fail,False
0.14,NC_010562.1 |Mammarenavirus chapareense,NC_010562.1,fail,False
0.14,NC_010256.1 |Mammarenavirus bearense,NC_010256.1,fail,False
0.14,NC_010253.1 |Mammarenavirus allpahuayoense,NC_010253.1,fail,False
0.14,NC_007905.1 |Mammarenavirus ippyense,NC_007905.1,fail,False
0.14,NC_010254.1 |Mammarenavirus cupixiense,NC_010254.1,fail,False
0.14,NC_006575.1 |Mammarenavirus mopeiaense,NC_006575.1,fail,False
0.14,NC_005081.1 |Mammarenavirus juninense,NC_005081.1,fail,False
0.14,NC_006447.1 |Mammarenavirus caliense,NC_006447.1,fail,False
0.14,NC_004294.1 |Mammarenavirus choriomeningitidis,NC_004294.1,fail,False
0.14,NC_005894.1 |Mammarenavirus piritalense,NC_005894.1,fail,False
0.14,NC_005077.1 |Mammarenavirus guanaritoense,NC_005077.1,fail,False
0.14,NC_005078.1 |Mammarenavirus machupoense,NC_005078.1,fail,False
0.14,NC_004293.1 |Mammarenavirus tacaribeense,NC_004293.1,fail,False
0.14,NC_010248.1 |Mammarenavirus oliverosense,NC_010248.1,fail,False
0.14,NC_004296.1 |Mammarenavirus lassaense,NC_004296.1,pass,True
0.14,NC_026246.1 |Mammarenavirus gairoense,NC_026246.1,pass,False
0.14,NC_079107.1 |Mammarenavirus dhati-welelense,NC_079107.1,pass,False
0.15,NC_078102.1 |Mammarenavirus lijiangense,NC_078102.1,fail,False
0.15,NC_078106.1 |Mammarenavirus alashanense,NC_078106.1,fail,False
0.15,NC_078696.1 |Mammarenavirus bituense,NC_078696.1,fail,False
0.15,NC_078292.1 |Mammarenavirus kitaleense,NC_078292.1,fail,False
0.15,NC_077807.1 |Mammarenavirus choriomeningitidis,NC_077807.1,fail,False
0.15,NC_055439.1 |Mammarenavirus xapuriense,NC_055439.1,fail,False
0.15,NC_038364.1 |Mammarenavirus loeiense,NC_038364.1,fail,False
0.15,NC_040762.1 |Mammarenavirus aporeense,NC_040762.1,fail,False
0.15,NC_078697.1 |Mammarenavirus kwanzaense,NC_078697.1,fail,False
0.15,NC_079107.1 |Mammarenavirus dhati-welelense,NC_079107.1,fail,False
0.15,NC_027135.1 |Mammarenavirus okahandjaense,NC_027135.1,fail,False
0.15,NC_018710.1 |Mammarenavirus lunkense,NC_018710.1,fail,False
0.15,NC_023764.1 |Mammarenavirus merinoense,NC_023764.1,fail,False
0.15,NC_039012.1 |Mammarenavirus cameroonense,NC_039012.1,fail,False
0.15,NC_038367.1 |Mammarenavirus solweziense,NC_038367.1,fail,False
0.15,NC_027134.1 |Mammarenavirus marientalense,NC_027134.1,fail,False
0.15,NC_026018.1 |Mammarenavirus wenzhouense,NC_026018.1,fail,False
0.15,NC_013057.1 |Mammarenavirus mopeiaense,NC_013057.1,fail,False
0.15,NC_039009.1 |Mammarenavirus ryukyuense,NC_039009.1,fail,False
0.15,NC_012776.1 |Mammarenavirus lujoense,NC_012776.1,fail,False
0.15,NC_016152.1 |Mammarenavirus lunaense,NC_016152.1,fail,False
0.15,NC_010756.1 |Mammarenavirus paranaense,NC_010756.1,fail,False
0.15,NC_010562.1 |Mammarenavirus chapareense,NC_010562.1,fail,False
0.15,NC_010253.1 |Mammarenavirus allpahuayoense,NC_010253.1,fail,False
0.15,NC_010254.1 |Mammarenavirus cupixiense,NC_010254.1,fail,False
0.15,NC_010757.1 |Mammarenavirus flexalense,NC_010757.1,fail,False
0.15,NC_010700.1 |Mammarenavirus whitewaterense,NC_010700.1,fail,False
0.15,NC_010758.1 |Mammarenavirus latinum,NC_010758.1,fail,False
0.15,NC_010701.1 |Mammarenavirus tamiamiense,NC_010701.1,fail,False
0.15,NC_010256.1 |Mammarenavirus bearense,NC_010256.1,fail,False
0.15,NC_010247.1 |Mammarenavirus amapariense,NC_010247.1,fail,False
0.15,NC_007903.1 |Mammarenavirus praomyidis,NC_007903.1,fail,False
0.15,NC_010248.1 |Mammarenavirus oliverosense,NC_010248.1,fail,False
0.15,NC_007905.1 |Mammarenavirus ippyense,NC_007905.1,fail,False
0.15,NC_005078.1 |Mammarenavirus machupoense,NC_005078.1,fail,False
0.15,NC_004293.1 |Mammarenavirus tacaribeense,NC_004293.1,fail,False
0.15,NC_006447.1 |Mammarenavirus caliense,NC_006447.1,fail,False
0.15,NC_006575.1 |Mammarenavirus mopeiaense,NC_006575.1,fail,False
0.15,NC_005894.1 |Mammarenavirus piritalense,NC_005894.1,fail,False
0.15,NC_005081.1 |Mammarenavirus juninense,NC_005081.1,fail,False
0.15,NC_005077.1 |Mammarenavirus guanaritoense,NC_005077.1,fail,False
0.15,NC_004294.1 |Mammarenavirus choriomeningitidis,NC_004294.1,fail,False
0.15,NC_004296.1 |Mammarenavirus lassaense,NC_004296.1,pass,True
0.15,NC_026246.1 |Mammarenavirus gairoense,NC_026246.1,pass,False
0.16,NC_078102.1 |Mammarenavirus lijiangense,NC_078102.1,fail,False
0.16,NC_077807.1 |Mammarenavirus choriomeningitidis,NC_077807.1,fail,False
0.16,NC_038364.1 |Mammarenavirus loeiense,NC_038364.1,fail,False
0.16,NC_038367.1 |Mammarenavirus solweziense,NC_038367.1,fail,False
0.16,NC_078106.1 |Mammarenavirus alashanense,NC_078106.1,fail,False
0.16,NC_078292.1 |Mammarenavirus kitaleense,NC_078292.1,fail,False
0.16,NC_078697.1 |Mammarenavirus kwanzaense,NC_078697.1,fail,False
0.16,NC_055439.1 |Mammarenavirus xapuriense,NC_055439.1,fail,False
0.16,NC_078696.1 |Mammarenavirus bituense,NC_078696.1,fail,False
0.16,NC_040762.1 |Mammarenavirus aporeense,NC_040762.1,fail,False
0.16,NC_039009.1 |Mammarenavirus ryukyuense,NC_039009.1,fail,False
0.16,NC_039012.1 |Mammarenavirus cameroonense,NC_039012.1,fail,False
0.16,NC_018710.1 |Mammarenavirus lunkense,NC_018710.1,fail,False
0.16,NC_013057.1 |Mammarenavirus mopeiaense,NC_013057.1,fail,False
0.16,NC_016152.1 |Mammarenavirus lunaense,NC_016152.1,fail,False
0.16,NC_012776.1 |Mammarenavirus lujoense,NC_012776.1,fail,False
0.16,NC_079107.1 |Mammarenavirus dhati-welelense,NC_079107.1,fail,False
0.16,NC_027135.1 |Mammarenavirus okahandjaense,NC_027135.1,fail,False
0.16,NC_027134.1 |Mammarenavirus marientalense,NC_027134.1,fail,False
0.16,NC_026246.1 |Mammarenavirus gairoense,NC_026246.1,fail,False
0.16,NC_023764.1 |Mammarenavirus merinoense,NC_023764.1,fail,False
0.16,NC_026018.1 |Mammarenavirus wenzhouense,NC_026018.1,fail,False
0.16,NC_010756.1 |Mammarenavirus paranaense,NC_010756.1,fail,False
0.16,NC_010757.1 |Mammarenavirus flexalense,NC_010757.1,fail,False
0.16,NC_010758.1 |Mammarenavirus latinum,NC_010758.1,fail,False
0.16,NC_010701.1 |Mammarenavirus tamiamiense,NC_010701.1,fail,False
0.16,NC_010256.1 |Mammarenavirus bearense,NC_010256.1,fail,False
0.16,NC_010700.1 |Mammarenavirus whitewaterense,NC_010700.1,fail,False
0.16,NC_007903.1 |Mammarenavirus praomyidis,NC_007903.1,fail,False
0.16,NC_007905.1 |Mammarenavirus ippyense,NC_007905.1,fail,False
0.16,NC_006575.1 |Mammarenavirus mopeiaense,NC_006575.1,fail,False
0.16,NC_010247.1 |Mammarenavirus amapariense,NC_010247.1,fail,False
0.16,NC_010562.1 |Mammarenavirus chapareense,NC_010562.1,fail,False
0.16,NC_010253.1 |Mammarenavirus allpahuayoense,NC_010253.1,fail,False
0.16,NC_010254.1 |Mammarenavirus cupixiense,NC_010254.1,fail,False
0.16,NC_010248.1 |Mammarenavirus oliverosense,NC_010248.1,fail,False
0.16,NC_006447.1 |Mammarenavirus caliense,NC_006447.1,fail,False
0.16,NC_005077.1 |Mammarenavirus guanaritoense,NC_005077.1,fail,False
0.16,NC_005081.1 |Mammarenavirus juninense,NC_005081.1,fail,False
0.16,NC_005078.1 |Mammarenavirus machupoense,NC_005078.1,fail,False
0.16,NC_004294.1 |Mammarenavirus choriomeningitidis,NC_004294.1,fail,False
0.16,NC_004293.1 |Mammarenavirus tacaribeense,NC_004293.1,fail,False
0.16,NC_005894.1 |Mammarenavirus piritalense,NC_005894.1,fail,False
0.16,NC_004296.1 |Mammarenavirus lassaense,NC_004296.1,pass,True
0.17,NC_077807.1 |Mammarenavirus choriomeningitidis,NC_077807.1,fail,False
0.17,NC_078106.1 |Mammarenavirus alashanense,NC_078106.1,fail,False
0.17,NC_040762.1 |Mammarenavirus aporeense,NC_040762.1,fail,False
0.17,NC_038364.1 |Mammarenavirus loeiense,NC_038364.1,fail,False
0.17,NC_078102.1 |Mammarenavirus lijiangense,NC_078102.1,fail,False
0.17,NC_078292.1 |Mammarenavirus kitaleense,NC_078292.1,fail,False
0.17,NC_078696.1 |Mammarenavirus bituense,NC_078696.1,fail,False
0.17,NC_055439.1 |Mammarenavirus xapuriense,NC_055439.1,fail,False
0.17,NC_079107.1 |Mammarenavirus dhati-welelense,NC_079107.1,fail,False
0.17,NC_078697.1 |Mammarenavirus kwanzaense,NC_078697.1,fail,False
0.17,NC_039009.1 |Mammarenavirus ryukyuense,NC_039009.1,fail,False
0.17,NC_038367.1 |Mammarenavirus solweziense,NC_038367.1,fail,False
0.17,NC_039012.1 |Mammarenavirus cameroonense,NC_039012.1,fail,False
0.17,NC_016152.1 |Mammarenavirus lunaense,NC_016152.1,fail,False
0.17,NC_012776.1 |Mammarenavirus lujoense,NC_012776.1,fail,False
0.17,NC_013057.1 |Mammarenavirus mopeiaense,NC_013057.1,fail,False
0.17,NC_023764.1 |Mammarenavirus merinoense,NC_023764.1,fail,False
0.17,NC_026246.1 |Mammarenavirus gairoense,NC_026246.1,fail,False
0.17,NC_027134.1 |Mammarenavirus marientalense,NC_027134.1,fail,False
0.17,NC_018710.1 |Mammarenavirus lunkense,NC_018710.1,fail,False
0.17,NC_026018.1 |Mammarenavirus wenzhouense,NC_026018.1,fail,False
0.17,NC_010756.1 |Mammarenavirus paranaense,NC_010756.1,fail,False
0.17,NC_027135.1 |Mammarenavirus okahandjaense,NC_027135.1,fail,False
0.17,NC_010757.1 |Mammarenavirus flexalense,NC_010757.1,fail,False
0.17,NC_010758.1 |Mammarenavirus latinum,NC_010758.1,fail,False
0.17,NC_010701.1 |Mammarenavirus tamiamiense,NC_010701.1,fail,False
0.17,NC_010254.1 |Mammarenavirus cupixiense,NC_010254.1,fail,False
0.17,NC_007903.1 |Mammarenavirus praomyidis,NC_007903.1,fail,False
0.17,NC_010700.1 |Mammarenavirus whitewaterense,NC_010700.1,fail,False
0.17,NC_007905.1 |Mammarenavirus ippyense,NC_007905.1,fail,False
0.17,NC_010247.1 |Mammarenavirus amapariense,NC_010247.1,fail,False
0.17,NC_006575.1 |Mammarenavirus mopeiaense,NC_006575.1,fail,False
0.17,NC_010253.1 |Mammarenavirus allpahuayoense,NC_010253.1,fail,False
0.17,NC_010562.1 |Mammarenavirus chapareense,NC_010562.1,fail,False
0.17,NC_006447.1 |Mammarenavirus caliense,NC_006447.1,fail,False
0.17,NC_010248.1 |Mammarenavirus oliverosense,NC_010248.1,fail,False
0.17,NC_010256.1 |Mammarenavirus bearense,NC_010256.1,fail,False
0.17,NC_005894.1 |Mammarenavirus piritalense,NC_005894.1,fail,False
0.17,NC_005078.1 |Mammarenavirus machupoense,NC_005078.1,fail,False
0.17,NC_004293.1 |Mammarenavirus tacaribeense,NC_004293.1,fail,False
0.17,NC_005077.1 |Mammarenavirus guanaritoense,NC_005077.1,fail,False
0.17,NC_005081.1 |Mammarenavirus juninense,NC_005081.1,fail,False
0.17,NC_004294.1 |Mammarenavirus choriomeningitidis,NC_004294.1,fail,False
0.17,NC_004296.1 |Mammarenavirus lassaense,NC_004296.1,pass,True
0.18,NC_077807.1 |Mammarenavirus choriomeningitidis,NC_077807.1,fail,False
0.18,NC_078102.1 |Mammarenavirus lijiangense,NC_078102.1,fail,False
0.18,NC_038364.1 |Mammarenavirus loeiense,NC_038364.1,fail,False
0.18,NC_040762.1 |Mammarenavirus aporeense,NC_040762.1,fail,False
0.18,NC_078106.1 |Mammarenavirus alashanense,NC_078106.1,fail,False
0.18,NC_078696.1 |Mammarenavirus bituense,NC_078696.1,fail,False
0.18,NC_055439.1 |Mammarenavirus xapuriense,NC_055439.1,fail,False
0.18,NC_078697.1 |Mammarenavirus kwanzaense,NC_078697.1,fail,False
0.18,NC_079107.1 |Mammarenavirus dhati-welelense,NC_079107.1,fail,False
0.18,NC_039009.1 |Mammarenavirus ryukyuense,NC_039009.1,fail,False
0.18,NC_078292.1 |Mammarenavirus kitaleense,NC_078292.1,fail,False
0.18,NC_039012.1 |Mammarenavirus cameroonense,NC_039012.1,fail,False
0.18,NC_023764.1 |Mammarenavirus merinoense,NC_023764.1,fail,False
0.18,NC_018710.1 |Mammarenavirus lunkense,NC_018710.1,fail,False
0.18,NC_038367.1 |Mammarenavirus solweziense,NC_038367.1,fail,False
0.18,NC_013057.1 |Mammarenavirus mopeiaense,NC_013057.1,fail,False
0.18,NC_027135.1 |Mammarenavirus okahandjaense,NC_027135.1,fail,False
0.18,NC_027134.1 |Mammarenavirus marientalense,NC_027134.1,fail,False
0.18,NC_012776.1 |Mammarenavirus lujoense,NC_012776.1,fail,False
0.18,NC_026246.1 |Mammarenavirus gairoense,NC_026246.1,fail,False
0.18,NC_010757.1 |Mammarenavirus flexalense,NC_010757.1,fail,False
0.18,NC_010758.1 |Mammarenavirus latinum,NC_010758.1,fail,False
0.18,NC_016152.1 |Mammarenavirus lunaense,NC_016152.1,fail,False
0.18,NC_010701.1 |Mammarenavirus tamiamiense,NC_010701.1,fail,False
0.18,NC_026018.1 |Mammarenavirus wenzhouense,NC_026018.1,fail,False
0.18,NC_010247.1 |Mammarenavirus amapariense,NC_010247.1,fail,False
0.18,NC_010756.1 |Mammarenavirus paranaense,NC_010756.1,fail,False
0.18,NC_010248.1 |Mammarenavirus oliverosense,NC_010248.1,fail,False
0.18,NC_010254.1 |Mammarenavirus cupixiense,NC_010254.1,fail,False
0.18,NC_010700.1 |Mammarenavirus whitewaterense,NC_010700.1,fail,False
0.18,NC_007903.1 |Mammarenavirus praomyidis,NC_007903.1,fail,False
0.18,NC_010253.1 |Mammarenavirus allpahuayoense,NC_010253.1,fail,False
0.18,NC_010562.1 |Mammarenavirus chapareense,NC_010562.1,fail,False
0.18,NC_006575.1 |Mammarenavirus mopeiaense,NC_006575.1,fail,False
0.18,NC_005894.1 |Mammarenavirus piritalense,NC_005894.1,fail,False
0.18,NC_005077.1 |Mammarenavirus guanaritoense,NC_005077.1,fail,False
0.18,NC_010256.1 |Mammarenavirus bearense,NC_010256.1,fail,False
0.18,NC_005081.1 |Mammarenavirus juninense,NC_005081.1,fail,False
0.18,NC_006447.1 |Mammarenavirus caliense,NC_006447.1,fail,False
0.18,NC_007905.1 |Mammarenavirus ippyense,NC_007905.1,fail,False
0.18,NC_005078.1 |Mammarenavirus machupoense,NC_005078.1,fail,False
0.18,NC_004293.1 |Mammarenavirus tacaribeense,NC_004293.1,fail,False
0.18,NC_004294.1 |Mammarenavirus choriomeningitidis,NC_004294.1,fail,False
0.18,NC_004296.1 |Mammarenavirus lassaense,NC_004296.1,pass,True
0.19,NC_077807.1 |Mammarenavirus choriomeningitidis,NC_077807.1,fail,False
0.19,NC_078102.1 |Mammarenavirus lijiangense,NC_078102.1,fail,False
0.19,NC_078106.1 |Mammarenavirus alashanense,NC_078106.1,fail,False
0.19,NC_040762.1 |Mammarenavirus aporeense,NC_040762.1,fail,False
0.19,NC_055439.1 |Mammarenavirus xapuriense,NC_055439.1,fail,False
0.19,NC_079107.1 |Mammarenavirus dhati-welelense,NC_079107.1,fail,False
0.19,NC_078292.1 |Mammarenavirus kitaleense,NC_078292.1,fail,False
0.19,NC_078697.1 |Mammarenavirus kwanzaense,NC_078697.1,fail,False
0.19,NC_038364.1 |Mammarenavirus loeiense,NC_038364.1,fail,False
0.19,NC_078696.1 |Mammarenavirus bituense,NC_078696.1,fail,False
0.19,NC_039009.1 |Mammarenavirus ryukyuense,NC_039009.1,fail,False
0.19,NC_038367.1 |Mammarenavirus solweziense,NC_038367.1,fail,False
0.19,NC_027135.1 |Mammarenavirus okahandjaense,NC_027135.1,fail,False
0.19,NC_026018.1 |Mammarenavirus wenzhouense,NC_026018.1,fail,False
0.19,NC_016152.1 |Mammarenavirus lunaense,NC_016152.1,fail,False
0.19,NC_018710.1 |Mammarenavirus lunkense,NC_018710.1,fail,False
0.19,NC_013057.1 |Mammarenavirus mopeiaense,NC_013057.1,fail,False
0.19,NC_012776.1 |Mammarenavirus lujoense,NC_012776.1,fail,False
0.19,NC_010756.1 |Mammarenavirus paranaense,NC_010756.1,fail,False
0.19,NC_010757.1 |Mammarenavirus flexalense,NC_010757.1,fail,False
0.19,NC_026246.1 |Mammarenavirus gairoense,NC_026246.1,fail,False
0.19,NC_010758.1 |Mammarenavirus latinum,NC_010758.1,fail,False
0.19,NC_010701.1 |Mammarenavirus tamiamiense,NC_010701.1,fail,False
0.19,NC_010700.1 |Mammarenavirus whitewaterense,NC_010700.1,fail,False
0.19,NC_010562.1 |Mammarenavirus chapareense,NC_010562.1,fail,False
0.19,NC_023764.1 |Mammarenavirus merinoense,NC_023764.1,fail,False
0.19,NC_010247.1 |Mammarenavirus amapariense,NC_010247.1,fail,False
0.19,NC_010253.1 |Mammarenavirus allpahuayoense,NC_010253.1,fail,False
0.19,NC_010248.1 |Mammarenavirus oliverosense,NC_010248.1,fail,False
0.19,NC_027134.1 |Mammarenavirus marientalense,NC_027134.1,fail,False
0.19,NC_010254.1 |Mammarenavirus cupixiense,NC_010254.1,fail,False
0.19,NC_007903.1 |Mammarenavirus praomyidis,NC_007903.1,fail,False
0.19,NC_007905.1 |Mammarenavirus ippyense,NC_007905.1,fail,False
0.19,NC_006575.1 |Mammarenavirus mopeiaense,NC_006575.1,fail,False
0.19,NC_005894.1 |Mammarenavirus piritalense,NC_005894.1,fail,False
0.19,NC_010256.1 |Mammarenavirus bearense,NC_010256.1,fail,False
0.19,NC_004293.1 |Mammarenavirus tacaribeense,NC_004293.1,fail,False
0.19,NC_005081.1 |Mammarenavirus juninense,NC_005081.1,fail,False
0.19,NC_006447.1 |Mammarenavirus caliense,NC_006447.1,fail,False
0.19,NC_004294.1 |Mammarenavirus choriomeningitidis,NC_004294.1,fail,False
0.19,NC_005077.1 |Mammarenavirus guanaritoense,NC_005077.1,fail,False
0.19,NC_039012.1 |Mammarenavirus cameroonense,NC_039012.1,fail,False
0.19,NC_005078.1 |Mammarenavirus machupoense,NC_005078.1,fail,False
0.19,NC_004296.1 |Mammarenavirus lassaense,NC_004296.1,pass,True
0.2,NC_078102.1 |Mammarenavirus lijiangense,NC_078102.1,fail,False
0.2,NC_077807.1 |Mammarenavirus choriomeningitidis,NC_077807.1,fail,False
0.2,NC_039009.1 |Mammarenavirus ryukyuense,NC_039009.1,fail,False
0.2,NC_038367.1 |Mammarenavirus solweziense,NC_038367.1,fail,False
0.2,NC_078106.1 |Mammarenavirus alashanense,NC_078106.1,fail,False
0.2,NC_078292.1 |Mammarenavirus kitaleense,NC_078292.1,fail,False
0.2,NC_078697.1 |Mammarenavirus kwanzaense,NC_078697.1,fail,False
0.2,NC_055439.1 |Mammarenavirus xapuriense,NC_055439.1,fail,False
0.2,NC_079107.1 |Mammarenavirus dhati-welelense,NC_079107.1,fail,False
0.2,NC_038364.1 |Mammarenavirus loeiense,NC_038364.1,fail,False
0.2,NC_039012.1 |Mammarenavirus cameroonense,NC_039012.1,fail,False
0.2,NC_027134.1 |Mammarenavirus marientalense,NC_027134.1,fail,False
0.2,NC_078696.1 |Mammarenavirus bituense,NC_078696.1,fail,False
0.2,NC_040762.1 |Mammarenavirus aporeense,NC_040762.1,fail,False
0.2,NC_013057.1 |Mammarenavirus mopeiaense,NC_013057.1,fail,False
0.2,NC_016152.1 |Mammarenavirus lunaense,NC_016152.1,fail,False
0.2,NC_012776.1 |Mammarenavirus lujoense,NC_012776.1,fail,False
0.2,NC_026246.1 |Mammarenavirus gairoense,NC_026246.1,fail,False
0.2,NC_026018.1 |Mammarenavirus wenzhouense,NC_026018.1,fail,False
0.2,NC_023764.1 |Mammarenavirus merinoense,NC_023764.1,fail,False
0.2,NC_018710.1 |Mammarenavirus lunkense,NC_018710.1,fail,False
0.2,NC_010757.1 |Mammarenavirus flexalense,NC_010757.1,fail,False
0.2,NC_010758.1 |Mammarenavirus latinum,NC_010758.1,fail,False
0.2,NC_010700.1 |Mammarenavirus whitewaterense,NC_010700.1,fail,False
0.2,NC_010701.1 |Mammarenavirus tamiamiense,NC_010701.1,fail,False
0.2,NC_027135.1 |Mammarenavirus okahandjaense,NC_027135.1,fail,False
0.2,NC_010756.1 |Mammarenavirus paranaense,NC_010756.1,fail,False
0.2,NC_010254.1 |Mammarenavirus cupixiense,NC_010254.1,fail,False
0.2,NC_010256.1 |Mammarenavirus bearense,NC_010256.1,fail,False
0.2,NC_007903.1 |Mammarenavirus praomyidis,NC_007903.1,fail,False
0.2,NC_007905.1 |Mammarenavirus ippyense,NC_007905.1,fail,False
0.2,NC_010247.1 |Mammarenavirus amapariense,NC_010247.1,fail,False
0.2,NC_010253.1 |Mammarenavirus allpahuayoense,NC_010253.1,fail,False
0.2,NC_010562.1 |Mammarenavirus chapareense,NC_010562.1,fail,False
0.2,NC_005894.1 |Mammarenavirus piritalense,NC_005894.1,fail,False
0.2,NC_005077.1 |Mammarenavirus guanaritoense,NC_005077.1,fail,False
0.2,NC_005078.1 |Mammarenavirus machupoense,NC_005078.1,fail,False
0.2,NC_010248.1 |Mammarenavirus oliverosense,NC_010248.1,fail,False
0.2,NC_005081.1 |Mammarenavirus juninense,NC_005081.1,fail,False
0.2,NC_006575.1 |Mammarenavirus mopeiaense,NC_006575.1,fail,False
0.2,NC_004293.1 |Mammarenavirus tacaribeense,NC_004293.1,fail,False
0.2,NC_006447.1 |Mammarenavirus caliense,NC_006447.1,fail,False
0.2,NC_004294.1 |Mammarenavirus choriomeningitidis,NC_004294.1,fail,False
0.2,NC_004296.1 |Mammarenavirus lassaense,NC_004296.1,pass,True
0.21,NC_078102.1 |Mammarenavirus lijiangense,NC_078102.1,fail,False
0.21,NC_077807.1 |Mammarenavirus choriomeningitidis,NC_077807.1,fail,False
0.21,NC_038364.1 |Mammarenavirus loeiense,NC_038364.1,fail,False
0.21,NC_040762.1 |Mammarenavirus aporeense,NC_040762.1,fail,False
0.21,NC_078106.1 |Mammarenavirus alashanense,NC_078106.1,fail,False
0.21,NC_078292.1 |Mammarenavirus kitaleense,NC_078292.1,fail,False
0.21,NC_078696.1 |Mammarenavirus bituense,NC_078696.1,fail,False
0.21,NC_078697.1 |Mammarenavirus kwanzaense,NC_078697.1,fail,False
0.21,NC_079107.1 |Mammarenavirus dhati-welelense,NC_079107.1,fail,False
0.21,NC_055439.1 |Mammarenavirus xapuriense,NC_055439.1,fail,False
0.21,NC_039009.1 |Mammarenavirus ryukyuense,NC_039009.1,fail,False
0.21,NC_038367.1 |Mammarenavirus solweziense,NC_038367.1,fail,False
0.21,NC_023764.1 |Mammarenavirus merinoense,NC_023764.1,fail,False
0.21,NC_018710.1 |Mammarenavirus lunkense,NC_018710.1,fail,False
0.21,NC_016152.1 |Mammarenavirus lunaense,NC_016152.1,fail,False
0.21,NC_027135.1 |Mammarenavirus okahandjaense,NC_027135.1,fail,False
0.21,NC_039012.1 |Mammarenavirus cameroonense,NC_039012.1,fail,False
0.21,NC_027134.1 |Mammarenavirus marientalense,NC_027134.1,fail,False
0.21,NC_026246.1 |Mammarenavirus gairoense,NC_026246.1,fail,False
0.21,NC_010757.1 |Mammarenavirus flexalense,NC_010757.1,fail,False
0.21,NC_010756.1 |Mammarenavirus paranaense,NC_010756.1,fail,False
0.21,NC_012776.1 |Mammarenavirus lujoense,NC_012776.1,fail,False
0.21,NC_010758.1 |Mammarenavirus latinum,NC_010758.1,fail,False
0.21,NC_013057.1 |Mammarenavirus mopeiaense,NC_013057.1,fail,False
0.21,NC_010701.1 |Mammarenavirus tamiamiense,NC_010701.1,fail,False
0.21,NC_026018.1 |Mammarenavirus wenzhouense,NC_026018.1,fail,False
0.21,NC_010253.1 |Mammarenavirus allpahuayoense,NC_010253.1,fail,False
0.21,NC_010248.1 |Mammarenavirus oliverosense,NC_010248.1,fail,False
0.21,NC_010256.1 |Mammarenavirus bearense,NC_010256.1,fail,False
0.21,NC_010700.1 |Mammarenavirus whitewaterense,NC_010700.1,fail,False
0.21,NC_010562.1 |Mammarenavirus chapareense,NC_010562.1,fail,False
0.21,NC_007905.1 |Mammarenavirus ippyense,NC_007905.1,fail,False
0.21,NC_010247.1 |Mammarenavirus amapariense,NC_010247.1,fail,False
0.21,NC_006447.1 |Mammarenavirus caliense,NC_006447.1,fail,False
0.21,NC_010254.1 |Mammarenavirus cupixiense,NC_010254.1,fail,False
0.21,NC_005894.1 |Mammarenavirus piritalense,NC_005894.1,fail,False
0.21,NC_005077.1 |Mammarenavirus guanaritoense,NC_005077.1,fail,False
0.21,NC_004293.1 |Mammarenavirus tacaribeense,NC_004293.1,fail,False
0.21,NC_006575.1 |Mammarenavirus mopeiaense,NC_006575.1,fail,False
0.21,NC_007903.1 |Mammarenavirus praomyidis,NC_007903.1,fail,False
0.21,NC_005078.1 |Mammarenavirus machupoense,NC_005078.1,fail,False
0.21,NC_004294.1 |Mammarenavirus choriomeningitidis,NC_004294.1,fail,False
0.21,NC_005081.1 |Mammarenavirus juninense,NC_005081.1,fail,False
0.21,NC_004296.1 |Mammarenavirus lassaense,NC_004296.1,pass,True
0.22,NC_078696.1 |Mammarenavirus bituense,NC_078696.1,fail,False
0.22,NC_078292.1 |Mammarenavirus kitaleense,NC_078292.1,fail,False
0.22,NC_078697.1 |Mammarenavirus kwanzaense,NC_078697.1,fail,False
0.22,NC_079107.1 |Mammarenavirus dhati-welelense,NC_079107.1,fail,False
0.22,NC_077807.1 |Mammarenavirus choriomeningitidis,NC_077807.1,fail,False
0.22,NC_078106.1 |Mammarenavirus alashanense,NC_078106.1,fail,False
0.22,NC_040762.1 |Mammarenavirus aporeense,NC_040762.1,fail,False
0.22,NC_038367.1 |Mammarenavirus solweziense,NC_038367.1,fail,False
0.22,NC_055439.1 |Mammarenavirus xapuriense,NC_055439.1,fail,False
0.22,NC_038364.1 |Mammarenavirus loeiense,NC_038364.1,fail,False
0.22,NC_039012.1 |Mammarenavirus cameroonense,NC_039012.1,fail,False
0.22,NC_027135.1 |Mammarenavirus okahandjaense,NC_027135.1,fail,False
0.22,NC_039009.1 |Mammarenavirus ryukyuense,NC_039009.1,fail,False
0.22,NC_026018.1 |Mammarenavirus wenzhouense,NC_026018.1,fail,False
0.22,NC_016152.1 |Mammarenavirus lunaense,NC_016152.1,fail,False
0.22,NC_027134.1 |Mammarenavirus marientalense,NC_027134.1,fail,False
0.22,NC_013057.1 |Mammarenavirus mopeiaense,NC_013057.1,fail,False
0.22,NC_078102.1 |Mammarenavirus lijiangense,NC_078102.1,fail,False
0.22,NC_010756.1 |Mammarenavirus paranaense,NC_010756.1,fail,False
0.22,NC_023764.1 |Mammarenavirus merinoense,NC_023764.1,fail,False
0.22,NC_010757.1 |Mammarenavirus flexalense,NC_010757.1,fail,False
0.22,NC_018710.1 |Mammarenavirus lunkense,NC_018710.1,fail,False
0.22,NC_010700.1 |Mammarenavirus whitewaterense,NC_010700.1,fail,False
0.22,NC_010701.1 |Mammarenavirus tamiamiense,NC_010701.1,fail,False
0.22,NC_012776.1 |Mammarenavirus lujoense,NC_012776.1,fail,False
0.22,NC_010247.1 |Mammarenavirus amapariense,NC_010247.1,fail,False
0.22,NC_010758.1 |Mammarenavirus latinum,NC_010758.1,fail,False
0.22,NC_010248.1 |Mammarenavirus oliverosense,NC_010248.1,fail,False
0.22,NC_010256.1 |Mammarenavirus bearense,NC_010256.1,fail,False
0.22,NC_007903.1 |Mammarenavirus praomyidis,NC_007903.1,fail,False
0.22,NC_010562.1 |Mammarenavirus chapareense,NC_010562.1,fail,False
0.22,NC_010253.1 |Mammarenavirus allpahuayoense,NC_010253.1,fail,False
0.22,NC_006575.1 |Mammarenavirus mopeiaense,NC_006575.1,fail,False
0.22,NC_005894.1 |Mammarenavirus piritalense,NC_005894.1,fail,False
0.22,NC_005077.1 |Mammarenavirus guanaritoense,NC_005077.1,fail,False
0.22,NC_026246.1 |Mammarenavirus gairoense,NC_026246.1,fail,False
0.22,NC_005078.1 |Mammarenavirus machupoense,NC_005078.1,fail,False
0.22,NC_004294.1 |Mammarenavirus choriomeningitidis,NC_004294.1,fail,False
0.22,NC_010254.1 |Mammarenavirus cupixiense,NC_010254.1,fail,False
0.22,NC_006447.1 |Mammarenavirus caliense,NC_006447.1,fail,False
0.22,NC_007905.1 |Mammarenavirus ippyense,NC_007905.1,fail,False
0.22,NC_005081.1 |Mammarenavirus juninense,NC_005081.1,fail,False
0.22,NC_004293.1 |Mammarenavirus tacaribeense,NC_004293.1,fail,False
0.22,NC_004296.1 |Mammarenavirus lassaense,NC_004296.1,pass,True
0.23,NC_078102.1 |Mammarenavirus lijiangense,NC_078102.1,fail,False
0.23,NC_077807.1 |Mammarenavirus choriomeningitidis,NC_077807.1,fail,False
0.23,NC_078292.1 |Mammarenavirus kitaleense,NC_078292.1,fail,False
0.23,NC_038364.1 |Mammarenavirus loeiense,NC_038364.1,fail,False
0.23,NC_039009.1 |Mammarenavirus ryukyuense,NC_039009.1,fail,False
0.23,NC_038367.1 |Mammarenavirus solweziense,NC_038367.1,fail,False
0.23,NC_078696.1 |Mammarenavirus bituense,NC_078696.1,fail,False
0.23,NC_055439.1 |Mammarenavirus xapuriense,NC_055439.1,fail,False
0.23,NC_078697.1 |Mammarenavirus kwanzaense,NC_078697.1,fail,False
0.23,NC_078106.1 |Mammarenavirus alashanense,NC_078106.1,fail,False
0.23,NC_040762.1 |Mammarenavirus aporeense,NC_040762.1,fail,False
0.23,NC_039012.1 |Mammarenavirus cameroonense,NC_039012.1,fail,False
0.23,NC_027134.1 |Mammarenavirus marientalense,NC_027134.1,fail,False
0.23,NC_027135.1 |Mammarenavirus okahandjaense,NC_027135.1,fail,False
0.23,NC_013057.1 |Mammarenavirus mopeiaense,NC_013057.1,fail,False
0.23,NC_012776.1 |Mammarenavirus lujoense,NC_012776.1,fail,False
0.23,NC_010756.1 |Mammarenavirus paranaense,NC_010756.1,fail,False
0.23,NC_010757.1 |Mammarenavirus flexalense,NC_010757.1,fail,False
0.23,NC_026018.1 |Mammarenavirus wenzhouense,NC_026018.1,fail,False
0.23,NC_023764.1 |Mammarenavirus merinoense,NC_023764.1,fail,False
0.23,NC_026246.1 |Mammarenavirus gairoense,NC_026246.1,fail,False
0.23,NC_018710.1 |Mammarenavirus lunkense,NC_018710.1,fail,False
0.23,NC_016152.1 |Mammarenavirus lunaense,NC_016152.1,fail,False
0.23,NC_010758.1 |Mammarenavirus latinum,NC_010758.1,fail,False
0.23,NC_010701.1 |Mammarenavirus tamiamiense,NC_010701.1,fail,False
0.23,NC_010700.1 |Mammarenavirus whitewaterense,NC_010700.1,fail,False
0.23,NC_010562.1 |Mammarenavirus chapareense,NC_010562.1,fail,False
0.23,NC_007903.1 |Mammarenavirus praomyidis,NC_007903.1,fail,False
0.23,NC_006575.1 |Mammarenavirus mopeiaense,NC_006575.1,fail,False
0.23,NC_010247.1 |Mammarenavirus amapariense,NC_010247.1,fail,False
0.23,NC_010253.1 |Mammarenavirus allpahuayoense,NC_010253.1,fail,False
0.23,NC_007905.1 |Mammarenavirus ippyense,NC_007905.1,fail,False
0.23,NC_006447.1 |Mammarenavirus caliense,NC_006447.1,fail,False
0.23,NC_010248.1 |Mammarenavirus oliverosense,NC_010248.1,fail,False
0.23,NC_010254.1 |Mammarenavirus cupixiense,NC_010254.1,fail,False
0.23,NC_005894.1 |Mammarenavirus piritalense,NC_005894.1,fail,False
0.23,NC_079107.1 |Mammarenavirus dhati-welelense,NC_079107.1,fail,False
0.23,NC_005077.1 |Mammarenavirus guanaritoense,NC_005077.1,fail,False
0.23,NC_004293.1 |Mammarenavirus tacaribeense,NC_004293.1,fail,False
0.23,NC_004294.1 |Mammarenavirus choriomeningitidis,NC_004294.1,fail,False
0.23,NC_005078.1 |Mammarenavirus machupoense,NC_005078.1,fail,False
0.23,NC_005081.1 |Mammarenavirus juninense,NC_005081.1,fail,False
0.23,NC_010256.1 |Mammarenavirus bearense,NC_010256.1,fail,False
0.23,NC_004296.1 |Mammarenavirus lassaense,NC_004296.1,pass,True
0.24,NC_055439.1 |Mammarenavirus xapuriense,NC_055439.1,fail,False
0.24,NC_077807.1 |Mammarenavirus choriomeningitidis,NC_077807.1,fail,False
0.24,NC_078697.1 |Mammarenavirus kwanzaense,NC_078697.1,fail,False
0.24,NC_078102.1 |Mammarenavirus lijiangense,NC_078102.1,fail,False
0.24,NC_078106.1 |Mammarenavirus alashanense,NC_078106.1,fail,False
0.24,NC_039009.1 |Mammarenavirus ryukyuense,NC_039009.1,fail,False
0.24,NC_039012.1 |Mammarenavirus cameroonense,NC_039012.1,fail,False
0.24,NC_038367.1 |Mammarenavirus solweziense,NC_038367.1,fail,False
0.24,NC_078696.1 |Mammarenavirus bituense,NC_078696.1,fail,False
0.24,NC_040762.1 |Mammarenavirus aporeense,NC_040762.1,fail,False
0.24,NC_026018.1 |Mammarenavirus wenzhouense,NC_026018.1,fail,False
0.24,NC_023764.1 |Mammarenavirus merinoense,NC_023764.1,fail,False
0.24,NC_026246.1 |Mammarenavirus gairoense,NC_026246.1,fail,False
0.24,NC_078292.1 |Mammarenavirus kitaleense,NC_078292.1,fail,False
0.24,NC_027135.1 |Mammarenavirus okahandjaense,NC_027135.1,fail,False
0.24,NC_027134.1 |Mammarenavirus marientalense,NC_027134.1,fail,False
0.24,NC_012776.1 |Mammarenavirus lujoense,NC_012776.1,fail,False
0.24,NC_013057.1 |Mammarenavirus mopeiaense,NC_013057.1,fail,False
0.24,NC_010756.1 |Mammarenavirus paranaense,NC_010756.1,fail,False
0.24,NC_018710.1 |Mammarenavirus lunkense,NC_018710.1,fail,False
0.24,NC_010757.1 |Mammarenavirus flexalense,NC_010757.1,fail,False
0.24,NC_016152.1 |Mammarenavirus lunaense,NC_016152.1,fail,False
0.24,NC_010700.1 |Mammarenavirus whitewaterense,NC_010700.1,fail,False
0.24,NC_010562.1 |Mammarenavirus chapareense,NC_010562.1,fail,False
0.24,NC_010247.1 |Mammarenavirus amapariense,NC_010247.1,fail,False
0.24,NC_010758.1 |Mammarenavirus latinum,NC_010758.1,fail,False
0.24,NC_010248.1 |Mammarenavirus oliverosense,NC_010248.1,fail,False
0.24,NC_010701.1 |Mammarenavirus tamiamiense,NC_010701.1,fail,False
0.24,NC_010256.1 |Mammarenavirus bearense,NC_010256.1,fail,False
0.24,NC_010253.1 |Mammarenavirus allpahuayoense,NC_010253.1,fail,False
0.24,NC_007903.1 |Mammarenavirus praomyidis,NC_007903.1,fail,False
0.24,NC_007905.1 |Mammarenavirus ippyense,NC_007905.1,fail,False
0.24,NC_010254.1 |Mammarenavirus cupixiense,NC_010254.1,fail,False
0.24,NC_006447.1 |Mammarenavirus caliense,NC_006447.1,fail,False
0.24,NC_005077.1 |Mammarenavirus guanaritoense,NC_005077.1,fail,False
0.24,NC_005081.1 |Mammarenavirus juninense,NC_005081.1,fail,False
0.24,NC_004293.1 |Mammarenavirus tacaribeense,NC_004293.1,fail,False
0.24,NC_005078.1 |Mammarenavirus machupoense,NC_005078.1,fail,False
0.24,NC_038364.1 |Mammarenavirus loeiense,NC_038364.1,fail,False
0.24,NC_005894.1 |Mammarenavirus piritalense,NC_005894.1,fail,False
0.24,NC_006575.1 |Mammarenavirus mopeiaense,NC_006575.1,fail,False
0.24,NC_004294.1 |Mammarenavirus choriomeningitidis,NC_004294.1,fail,False
0.24,NC_079107.1 |Mammarenavirus dhati-welelense,NC_079107.1,fail,False
0.24,NC_004296.1 |Mammarenavirus lassaense,NC_004296.1,pass,True
0.25,NC_078102.1 |Mammarenavirus lijiangense,NC_078102.1,fail,False
0.25,NC_077807.1 |Mammarenavirus choriomeningitidis,NC_077807.1,fail,False
0.25,NC_038364.1 |Mammarenavirus loeiense,NC_038364.1,fail,False
0.25,NC_040762.1 |Mammarenavirus aporeense,NC_040762.1,fail,False
0.25,NC_078696.1 |Mammarenavirus bituense,NC_078696.1,fail,False
0.25,NC_078106.1 |Mammarenavirus alashanense,NC_078106.1,fail,False
0.25,NC_078697.1 |Mammarenavirus kwanzaense,NC_078697.1,fail,False
0.25,NC_055439.1 |Mammarenavirus xapuriense,NC_055439.1,fail,False
0.25,NC_079107.1 |Mammarenavirus dhati-welelense,NC_079107.1,fail,False
0.25,NC_039009.1 |Mammarenavirus ryukyuense,NC_039009.1,fail,False
0.25,NC_038367.1 |Mammarenavirus solweziense,NC_038367.1,fail,False
0.25,NC_023764.1 |Mammarenavirus merinoense,NC_023764.1,fail,False
0.25,NC_027134.1 |Mammarenavirus marientalense,NC_027134.1,fail,False
0.25,NC_016152.1 |Mammarenavirus lunaense,NC_016152.1,fail,False
0.25,NC_013057.1 |Mammarenavirus mopeiaense,NC_013057.1,fail,False
0.25,NC_039012.1 |Mammarenavirus cameroonense,NC_039012.1,fail,False
0.25,NC_027135.1 |Mammarenavirus okahandjaense,NC_027135.1,fail,False
0.25,NC_026018.1 |Mammarenavirus wenzhouense,NC_026018.1,fail,False
0.25,NC_012776.1 |Mammarenavirus lujoense,NC_012776.1,fail,False
0.25,NC_026246.1 |Mammarenavirus gairoense,NC_026246.1,fail,False
0.25,NC_010756.1 |Mammarenavirus paranaense,NC_010756.1,fail,False
0.25,NC_078292.1 |Mammarenavirus kitaleense,NC_078292.1,fail,False
0.25,NC_010757.1 |Mammarenavirus flexalense,NC_010757.1,fail,False
0.25,NC_018710.1 |Mammarenavirus lunkense,NC_018710.1,fail,False
0.25,NC_010758.1 |Mammarenavirus latinum,NC_010758.1,fail,False
0.25,NC_010247.1 |Mammarenavirus amapariense,NC_010247.1,fail,False
0.25,NC_010248.1 |Mammarenavirus oliverosense,NC_010248.1,fail,False
0.25,NC_010256.1 |Mammarenavirus bearense,NC_010256.1,fail,False
0.25,NC_010700.1 |Mammarenavirus whitewaterense,NC_010700.1,fail,False
0.25,NC_007905.1 |Mammarenavirus ippyense,NC_007905.1,fail,False
0.25,NC_010701.1 |Mammarenavirus tamiamiense,NC_010701.1,fail,False
0.25,NC_010253.1 |Mammarenavirus allpahuayoense,NC_010253.1,fail,False
0.25,NC_010562.1 |Mammarenavirus chapareense,NC_010562.1,fail,False
0.25,NC_006575.1 |Mammarenavirus mopeiaense,NC_006575.1,fail,False
0.25,NC_010254.1 |Mammarenavirus cupixiense,NC_010254.1,fail,False
0.25,NC_006447.1 |Mammarenavirus caliense,NC_006447.1,fail,False
0.25,NC_005894.1 |Mammarenavirus piritalense,NC_005894.1,fail,False
0.25,NC_007903.1 |Mammarenavirus praomyidis,NC_007903.1,fail,False
0.25,NC_005081.1 |Mammarenavirus juninense,NC_005081.1,fail,False
0.25,NC_005078.1 |Mammarenavirus machupoense,NC_005078.1,fail,False
0.25,NC_004293.1 |Mammarenavirus tacaribeense,NC_004293.1,fail,False
0.25,NC_005077.1 |Mammarenavirus guanaritoense,NC_005077.1,fail,False
0.25,NC_004294.1 |Mammarenavirus choriomeningitidis,NC_004294.1,fail,False
0.25,NC_004296.1 |Mammarenavirus lassaense,NC_004296.1,pass,True
0.26,NC_077807.1 |Mammarenavirus choriomeningitidis,NC_077807.1,fail,False
0.26,NC_078102.1 |Mammarenavirus lijiangense,NC_078102.1,fail,False
0.26,NC_038364.1 |Mammarenavirus loeiense,NC_038364.1,fail,False
0.26,NC_040762.1 |Mammarenavirus aporeense,NC_040762.1,fail,False
0.26,NC_078106.1 |Mammarenavirus alashanense,NC_078106.1,fail,False
0.26,NC_078696.1 |Mammarenavirus bituense,NC_078696.1,fail,False
0.26,NC_078292.1 |Mammarenavirus kitaleense,NC_078292.1,fail,False
0.26,NC_079107.1 |Mammarenavirus dhati-welelense,NC_079107.1,fail,False
0.26,NC_078697.1 |Mammarenavirus kwanzaense,NC_078697.1,fail,False
0.26,NC_055439.1 |Mammarenavirus xapuriense,NC_055439.1,fail,False
0.26,NC_039009.1 |Mammarenavirus ryukyuense,NC_039009.1,fail,False
0.26,NC_038367.1 |Mammarenavirus solweziense,NC_038367.1,fail,False
0.26,NC_039012.1 |Mammarenavirus cameroonense,NC_039012.1,fail,False
0.26,NC_026246.1 |Mammarenavirus gairoense,NC_026246.1,fail,False
0.26,NC_016152.1 |Mammarenavirus lunaense,NC_016152.1,fail,False
0.26,NC_013057.1 |Mammarenavirus mopeiaense,NC_013057.1,fail,False
0.26,NC_027134.1 |Mammarenavirus marientalense,NC_027134.1,fail,False
0.26,NC_026018.1 |Mammarenavirus wenzhouense,NC_026018.1,fail,False
0.26,NC_012776.1 |Mammarenavirus lujoense,NC_012776.1,fail,False
0.26,NC_023764.1 |Mammarenavirus merinoense,NC_023764.1,fail,False
0.26,NC_027135.1 |Mammarenavirus okahandjaense,NC_027135.1,fail,False
0.26,NC_018710.1 |Mammarenavirus lunkense,NC_018710.1,fail,False
0.26,NC_010757.1 |Mammarenavirus flexalense,NC_010757.1,fail,False
0.26,NC_010758.1 |Mammarenavirus latinum,NC_010758.1,fail,False
0.26,NC_010701.1 |Mammarenavirus tamiamiense,NC_010701.1,fail,False
0.26,NC_010247.1 |Mammarenavirus amapariense,NC_010247.1,fail,False
0.26,NC_010756.1 |Mammarenavirus paranaense,NC_010756.1,fail,False
0.26,NC_010256.1 |Mammarenavirus bearense,NC_010256.1,fail,False
0.26,NC_007903.1 |Mammarenavirus praomyidis,NC_007903.1,fail,False
0.26,NC_010700.1 |Mammarenavirus whitewaterense,NC_010700.1,fail,False
0.26,NC_007905.1 |Mammarenavirus ippyense,NC_007905.1,fail,False
0.26,NC_010253.1 |Mammarenavirus allpahuayoense,NC_010253.1,fail,False
0.26,NC_010562.1 |Mammarenavirus chapareense,NC_010562.1,fail,False
0.26,NC_006575.1 |Mammarenavirus mopeiaense,NC_006575.1,fail,False
0.26,NC_010254.1 |Mammarenavirus cupixiense,NC_010254.1,fail,False
0.26,NC_010248.1 |Mammarenavirus oliverosense,NC_010248.1,fail,False
0.26,NC_005894.1 |Mammarenavirus piritalense,NC_005894.1,fail,False
0.26,NC_005077.1 |Mammarenavirus guanaritoense,NC_005077.1,fail,False
0.26,NC_005081.1 |Mammarenavirus juninense,NC_005081.1,fail,False
0.26,NC_006447.1 |Mammarenavirus caliense,NC_006447.1,fail,False
0.26,NC_004293.1 |Mammarenavirus tacaribeense,NC_004293.1,fail,False
0.26,NC_005078.1 |Mammarenavirus machupoense,NC_005078.1,fail,False
0.26,NC_004294.1 |Mammarenavirus choriomeningitidis,NC_004294.1,fail,False
0.26,NC_004296.1 |Mammarenavirus lassaense,NC_004296.1,pass,True
0.27,NC_077807.1 |Mammarenavirus choriomeningitidis,NC_077807.1,fail,False
0.27,NC_078102.1 |Mammarenavirus lijiangense,NC_078102.1,fail,False
0.27,NC_038364.1 |Mammarenavirus loeiense,NC_038364.1,fail,False
0.27,NC_038367.1 |Mammarenavirus solweziense,NC_038367.1,fail,False
0.27,NC_055439.1 |Mammarenavirus xapuriense,NC_055439.1,fail,False
0.27,NC_078696.1 |Mammarenavirus bituense,NC_078696.1,fail,False
0.27,NC_078292.1 |Mammarenavirus kitaleense,NC_078292.1,fail,False
0.27,NC_078697.1 |Mammarenavirus kwanzaense,NC_078697.1,fail,False
0.27,NC_040762.1 |Mammarenavirus aporeense,NC_040762.1,fail,False
0.27,NC_039009.1 |Mammarenavirus ryukyuense,NC_039009.1,fail,False
0.27,NC_078106.1 |Mammarenavirus alashanense,NC_078106.1,fail,False
0.27,NC_039012.1 |Mammarenavirus cameroonense,NC_039012.1,fail,False
0.27,NC_079107.1 |Mammarenavirus dhati-welelense,NC_079107.1,fail,False
0.27,NC_018710.1 |Mammarenavirus lunkense,NC_018710.1,fail,False
0.27,NC_016152.1 |Mammarenavirus lunaense,NC_016152.1,fail,False
0.27,NC_012776.1 |Mammarenavirus lujoense,NC_012776.1,fail,False
0.27,NC_026018.1 |Mammarenavirus wenzhouense,NC_026018.1,fail,False
0.27,NC_026246.1 |Mammarenavirus gairoense,NC_026246.1,fail,False
0.27,NC_027134.1 |Mammarenavirus marientalense,NC_027134.1,fail,False
0.27,NC_010756.1 |Mammarenavirus paranaense,NC_010756.1,fail,False
0.27,NC_010757.1 |Mammarenavirus flexalense,NC_010757.1,fail,False
0.27,NC_023764.1 |Mammarenavirus merinoense,NC_023764.1,fail,False
0.27,NC_010758.1 |Mammarenavirus latinum,NC_010758.1,fail,False
0.27,NC_013057.1 |Mammarenavirus mopeiaense,NC_013057.1,fail,False
0.27,NC_010701.1 |Mammarenavirus tamiamiense,NC_010701.1,fail,False
0.27,NC_010253.1 |Mammarenavirus allpahuayoense,NC_010253.1,fail,False
0.27,NC_010256.1 |Mammarenavirus bearense,NC_010256.1,fail,False
0.27,NC_010248.1 |Mammarenavirus oliverosense,NC_010248.1,fail,False
0.27,NC_010700.1 |Mammarenavirus whitewaterense,NC_010700.1,fail,False
0.27,NC_007905.1 |Mammarenavirus ippyense,NC_007905.1,fail,False
0.27,NC_010247.1 |Mammarenavirus amapariense,NC_010247.1,fail,False
0.27,NC_010254.1 |Mammarenavirus cupixiense,NC_010254.1,fail,False
0.27,NC_010562.1 |Mammarenavirus chapareense,NC_010562.1,fail,False
0.27,NC_006575.1 |Mammarenavirus mopeiaense,NC_006575.1,fail,False
0.27,NC_006447.1 |Mammarenavirus caliense,NC_006447.1,fail,False
0.27,NC_027135.1 |Mammarenavirus okahandjaense,NC_027135.1,fail,False
0.27,NC_005894.1 |Mammarenavirus piritalense,NC_005894.1,fail,False
0.27,NC_007903.1 |Mammarenavirus praomyidis,NC_007903.1,fail,False
0.27,NC_005078.1 |Mammarenavirus machupoense,NC_005078.1,fail,False
0.27,NC_005077.1 |Mammarenavirus guanaritoense,NC_005077.1,fail,False
0.27,NC_005081.1 |Mammarenavirus juninense,NC_005081.1,fail,False
0.27,NC_004294.1 |Mammarenavirus choriomeningitidis,NC_004294.1,fail,False
0.27,NC_004293.1 |Mammarenavirus tacaribeense,NC_004293.1,fail,False
0.27,NC_004296.1 |Mammarenavirus lassaense,NC_004296.1,pass,True
0.28,NC_078102.1 |Mammarenavirus lijiangense,NC_078102.1,fail,False
0.28,NC_078106.1 |Mammarenavirus alashanense,NC_078106.1,fail,False
0.28,NC_077807.1 |Mammarenavirus choriomeningitidis,NC_077807.1,fail,False
0.28,NC_038364.1 |Mammarenavirus loeiense,NC_038364.1,fail,False
0.28,NC_078292.1 |Mammarenavirus kitaleense,NC_078292.1,fail,False
0.28,NC_038367.1 |Mammarenavirus solweziense,NC_038367.1,fail,False
0.28,NC_078696.1 |Mammarenavirus bituense,NC_078696.1,fail,False
0.28,NC_078697.1 |Mammarenavirus kwanzaense,NC_078697.1,fail,False
0.28,NC_055439.1 |Mammarenavirus xapuriense,NC_055439.1,fail,False
0.28,NC_040762.1 |Mammarenavirus aporeense,NC_040762.1,fail,False
0.28,NC_039012.1 |Mammarenavirus cameroonense,NC_039012.1,fail,False
0.28,NC_027135.1 |Mammarenavirus okahandjaense,NC_027135.1,fail,False
0.28,NC_079107.1 |Mammarenavirus dhati-welelense,NC_079107.1,fail,False
0.28,NC_039009.1 |Mammarenavirus ryukyuense,NC_039009.1,fail,False
0.28,NC_016152.1 |Mammarenavirus lunaense,NC_016152.1,fail,False
0.28,NC_013057.1 |Mammarenavirus mopeiaense,NC_013057.1,fail,False
0.28,NC_023764.1 |Mammarenavirus merinoense,NC_023764.1,fail,False
0.28,NC_026246.1 |Mammarenavirus gairoense,NC_026246.1,fail,False
0.28,NC_027134.1 |Mammarenavirus marientalense,NC_027134.1,fail,False
0.28,NC_026018.1 |Mammarenavirus wenzhouense,NC_026018.1,fail,False
0.28,NC_010756.1 |Mammarenavirus paranaense,NC_010756.1,fail,False
0.28,NC_010758.1 |Mammarenavirus latinum,NC_010758.1,fail,False
0.28,NC_018710.1 |Mammarenavirus lunkense,NC_018710.1,fail,False
0.28,NC_010700.1 |Mammarenavirus whitewaterense,NC_010700.1,fail,False
0.28,NC_010701.1 |Mammarenavirus tamiamiense,NC_010701.1,fail,False
0.28,NC_012776.1 |Mammarenavirus lujoense,NC_012776.1,fail,False
0.28,NC_010757.1 |Mammarenavirus flexalense,NC_010757.1,fail,False
0.28,NC_010248.1 |Mammarenavirus oliverosense,NC_010248.1,fail,False
0.28,NC_010254.1 |Mammarenavirus cupixiense,NC_010254.1,fail,False
0.28,NC_007903.1 |Mammarenavirus praomyidis,NC_007903.1,fail,False
0.28,NC_010562.1 |Mammarenavirus chapareense,NC_010562.1,fail,False
0.28,NC_007905.1 |Mammarenavirus ippyense,NC_007905.1,fail,False
0.28,NC_010247.1 |Mammarenavirus amapariense,NC_010247.1,fail,False
0.28,NC_010253.1 |Mammarenavirus allpahuayoense,NC_010253.1,fail,False
0.28,NC_005894.1 |Mammarenavirus piritalense,NC_005894.1,fail,False
0.28,NC_005077.1 |Mammarenavirus guanaritoense,NC_005077.1,fail,False
0.28,NC_005078.1 |Mammarenavirus machupoense,NC_005078.1,fail,False
0.28,NC_010256.1 |Mammarenavirus bearense,NC_010256.1,fail,False
0.28,NC_004293.1 |Mammarenavirus tacaribeense,NC_004293.1,fail,False
0.28,NC_006575.1 |Mammarenavirus mopeiaense,NC_006575.1,fail,False
0.28,NC_005081.1 |Mammarenavirus juninense,NC_005081.1,fail,False
0.28,NC_004294.1 |Mammarenavirus choriomeningitidis,NC_004294.1,fail,False
0.28,NC_006447.1 |Mammarenavirus caliense,NC_006447.1,fail,False
0.28,NC_004296.1 |Mammarenavirus lassaense,NC_004296.1,pass,True
0.29,NC_077807.1 |Mammarenavirus choriomeningitidis,NC_077807.1,fail,False
0.29,NC_078102.1 |Mammarenavirus lijiangense,NC_078102.1,fail,False
0.29,NC_038364.1 |Mammarenavirus loeiense,NC_038364.1,fail,False
0.29,NC_040762.1 |Mammarenavirus aporeense,NC_040762.1,fail,False
0.29,NC_078697.1 |Mammarenavirus kwanzaense,NC_078697.1,fail,False
0.29,NC_078696.1 |Mammarenavirus bituense,NC_078696.1,fail,False
0.29,NC_055439.1 |Mammarenavirus xapuriense,NC_055439.1,fail,False
0.29,NC_078292.1 |Mammarenavirus kitaleense,NC_078292.1,fail,False
0.29,NC_079107.1 |Mammarenavirus dhati-welelense,NC_079107.1,fail,False
0.29,NC_039009.1 |Mammarenavirus ryukyuense,NC_039009.1,fail,False
0.29,NC_038367.1 |Mammarenavirus solweziense,NC_038367.1,fail,False
0.29,NC_078106.1 |Mammarenavirus alashanense,NC_078106.1,fail,False
0.29,NC_018710.1 |Mammarenavirus lunkense,NC_018710.1,fail,False
0.29,NC_016152.1 |Mammarenavirus lunaense,NC_016152.1,fail,False
0.29,NC_013057.1 |Mammarenavirus mopeiaense,NC_013057.1,fail,False
0.29,NC_012776.1 |Mammarenavirus lujoense,NC_012776.1,fail,False
0.29,NC_039012.1 |Mammarenavirus cameroonense,NC_039012.1,fail,False
0.29,NC_027135.1 |Mammarenavirus okahandjaense,NC_027135.1,fail,False
0.29,NC_023764.1 |Mammarenavirus merinoense,NC_023764.1,fail,False
0.29,NC_026246.1 |Mammarenavirus gairoense,NC_026246.1,fail,False
0.29,NC_027134.1 |Mammarenavirus marientalense,NC_027134.1,fail,False
0.29,NC_010757.1 |Mammarenavirus flexalense,NC_010757.1,fail,False
0.29,NC_010756.1 |Mammarenavirus paranaense,NC_010756.1,fail,False
0.29,NC_010758.1 |Mammarenavirus latinum,NC_010758.1,fail,False
0.29,NC_026018.1 |Mammarenavirus wenzhouense,NC_026018.1,fail,False
0.29,NC_010701.1 |Mammarenavirus tamiamiense,NC_010701.1,fail,False
0.29,NC_010254.1 |Mammarenavirus cupixiense,NC_010254.1,fail,False
0.29,NC_007903.1 |Mammarenavirus praomyidis,NC_007903.1,fail,False
0.29,NC_010256.1 |Mammarenavirus bearense,NC_010256.1,fail,False
0.29,NC_010700.1 |Mammarenavirus whitewaterense,NC_010700.1,fail,False
0.29,NC_010247.1 |Mammarenavirus amapariense,NC_010247.1,fail,False
0.29,NC_006575.1 |Mammarenavirus mopeiaense,NC_006575.1,fail,False
0.29,NC_010562.1 |Mammarenavirus chapareense,NC_010562.1,fail,False
0.29,NC_010253.1 |Mammarenavirus allpahuayoense,NC_010253.1,fail,False
0.29,NC_010248.1 |Mammarenavirus oliverosense,NC_010248.1,fail,False
0.29,NC_006447.1 |Mammarenavirus caliense,NC_006447.1,fail,False
0.29,NC_005077.1 |Mammarenavirus guanaritoense,NC_005077.1,fail,False
0.29,NC_005894.1 |Mammarenavirus piritalense,NC_005894.1,fail,False
0.29,NC_004293.1 |Mammarenavirus tacaribeense,NC_004293.1,fail,False
0.29,NC_007905.1 |Mammarenavirus ippyense,NC_007905.1,fail,False
0.29,NC_004294.1 |Mammarenavirus choriomeningitidis,NC_004294.1,fail,False
0.29,NC_005078.1 |Mammarenavirus machupoense,NC_005078.1,fail,False
0.29,NC_005081.1 |Mammarenavirus juninense,NC_005081.1,fail,False
0.29,NC_004296.1 |Mammarenavirus lassaense,NC_004296.1,pass,True
0.3,NC_078102.1 |Mammarenavirus lijiangense,NC_078102.1,fail,False
0.3,NC_077807.1 |Mammarenavirus choriomeningitidis,NC_077807.1,fail,False
0.3,NC_078697.1 |Mammarenavirus kwanzaense,NC_078697.1,fail,False
0.3,NC_079107.1 |Mammarenavirus dhati-welelense,NC_079107.1,fail,False
0.3,NC_040762.1 |Mammarenavirus aporeense,NC_040762.1,fail,False
0.3,NC_078106.1 |Mammarenavirus alashanense,NC_078106.1,fail,False
0.3,NC_038364.1 |Mammarenavirus loeiense,NC_038364.1,fail,False
0.3,NC_078696.1 |Mammarenavirus bituense,NC_078696.1,fail,False
0.3,NC_038367.1 |Mammarenavirus solweziense,NC_038367.1,fail,False
0.3,NC_039009.1 |Mammarenavirus ryukyuense,NC_039009.1,fail,False
0.3,NC_055439.1 |Mammarenavirus xapuriense,NC_055439.1,fail,False
0.3,NC_039012.1 |Mammarenavirus cameroonense,NC_039012.1,fail,False
0.3,NC_027135.1 |Mammarenavirus okahandjaense,NC_027135.1,fail,False
0.3,NC_026018.1 |Mammarenavirus wenzhouense,NC_026018.1,fail,False
0.3,NC_023764.1 |Mammarenavirus merinoense,NC_023764.1,fail,False
0.3,NC_013057.1 |Mammarenavirus mopeiaense,NC_013057.1,fail,False
0.3,NC_016152.1 |Mammarenavirus lunaense,NC_016152.1,fail,False
0.3,NC_012776.1 |Mammarenavirus lujoense,NC_012776.1,fail,False
0.3,NC_027134.1 |Mammarenavirus marientalense,NC_027134.1,fail,False
0.3,NC_010756.1 |Mammarenavirus paranaense,NC_010756.1,fail,False
0.3,NC_026246.1 |Mammarenavirus gairoense,NC_026246.1,fail,False
0.3,NC_010757.1 |Mammarenavirus flexalense,NC_010757.1,fail,False
0.3,NC_010758.1 |Mammarenavirus latinum,NC_010758.1,fail,False
0.3,NC_010701.1 |Mammarenavirus tamiamiense,NC_010701.1,fail,False
0.3,NC_018710.1 |Mammarenavirus lunkense,NC_018710.1,fail,False
0.3,NC_010562.1 |Mammarenavirus chapareense,NC_010562.1,fail,False
0.3,NC_010253.1 |Mammarenavirus allpahuayoense,NC_010253.1,fail,False
0.3,NC_010254.1 |Mammarenavirus cupixiense,NC_010254.1,fail,False
0.3,NC_010700.1 |Mammarenavirus whitewaterense,NC_010700.1,fail,False
0.3,NC_010248.1 |Mammarenavirus oliverosense,NC_010248.1,fail,False
0.3,NC_007903.1 |Mammarenavirus praomyidis,NC_007903.1,fail,False
0.3,NC_010247.1 |Mammarenavirus amapariense,NC_010247.1,fail,False
0.3,NC_006575.1 |Mammarenavirus mopeiaense,NC_006575.1,fail,False
0.3,NC_006447.1 |Mammarenavirus caliense,NC_006447.1,fail,False
0.3,NC_005077.1 |Mammarenavirus guanaritoense,NC_005077.1,fail,False
0.3,NC_010256.1 |Mammarenavirus bearense,NC_010256.1,fail,False
0.3,NC_005078.1 |Mammarenavirus machupoense,NC_005078.1,fail,False
0.3,NC_078292.1 |Mammarenavirus kitaleense,NC_078292.1,fail,False
0.3,NC_004293.1 |Mammarenavirus tacaribeense,NC_004293.1,fail,False
0.3,NC_004294.1 |Mammarenavirus choriomeningitidis,NC_004294.1,fail,False
0.3,NC_005894.1 |Mammarenavirus piritalense,NC_005894.1,fail,False
0.3,NC_005081.1 |Mammarenavirus juninense,NC_005081.1,fail,False
0.3,NC_007905.1 |Mammarenavirus ippyense,NC_007905.1,fail,False
0.3,NC_004296.1 |Mammarenavirus lassaense,NC_004296.1,pass,True
