index	seqName	clade	qc.overallScore	qc.overallStatus	totalSubstitutions	totalDeletions	totalInsertions	totalFrameShifts	totalMissing	totalNonACGTNs	totalAminoacidSubstitutions	totalAminoacidDeletions	totalAminoacidInsertions	totalUnknownAa	alignmentScore	alignmentStart	alignmentEnd	coverage	isReverseComplement	substitutions	deletions	insertions	frameShifts	aaSubstitutions	aaDeletions	aaInsertions	privateNucMutations.reversionSubstitutions	privateNucMutations.labeledSubstitutions	privateNucMutations.unlabeledSubstitutions	privateNucMutations.totalReversionSubstitutions	privateNucMutations.totalLabeledSubstitutions	privateNucMutations.totalUnlabeledSubstitutions	privateNucMutations.totalPrivateSubstitutions	missing	founderMuts['clade'].nodeName	founderMuts['clade'].substitutions	founderMuts['clade'].deletions	founderMuts['clade'].aaSubstitutions	founderMuts['clade'].aaDeletions	unknownAaRanges	nonACGTNs	qc.missingData.missingDataThreshold	qc.missingData.score	qc.missingData.status	qc.missingData.totalMissing	qc.mixedSites.mixedSitesThreshold	qc.mixedSites.score	qc.mixedSites.status	qc.mixedSites.totalMixedSites	qc.privateMutations.cutoff	qc.privateMutations.excess	qc.privateMutations.score	qc.privateMutations.status	qc.privateMutations.total	qc.snpClusters.clusteredSNPs	qc.snpClusters.score	qc.snpClusters.status	qc.snpClusters.totalSNPs	qc.frameShifts.frameShifts	qc.frameShifts.totalFrameShifts	qc.frameShifts.frameShiftsIgnored	qc.frameShifts.totalFrameShiftsIgnored	qc.frameShifts.score	qc.frameShifts.status	qc.stopCodons.stopCodons	qc.stopCodons.totalStopCodons	qc.stopCodons.score	qc.stopCodons.status	totalPcrPrimerChanges	pcrPrimerChanges	failedCdses	warnings	errors
0	NC_077807.1 |Mammarenavirus choriomeningitidis																																																																								When processing sequence #0 'NC_077807.1 |Mammarenavirus choriomeningitidis': When calculating seed matches: Unable to align: seed alignment covers 4.74% of the query sequence, which is less than expected 8.00% (configurable using 'min seed cover' CLI flag or dataset property). This is likely due to low quality of the provided sequence, or due to using incorrect reference sequence.
2	NC_078106.1 |Mammarenavirus alashanense																																																																								When processing sequence #2 'NC_078106.1 |Mammarenavirus alashanense': When calculating seed matches: Unable to align: seed alignment was unable to find any matches that are long enough. Only matches of at least 40 nucleotides long are considered (configurable using 'min match length' CLI flag or dataset property). This is likely due to low quality of the provided sequence, or due to using incorrect reference sequence.
7	NC_055439.1 |Mammarenavirus xapuriense																																																																								When processing sequence #7 'NC_055439.1 |Mammarenavirus xapuriense': When calculating seed matches: Unable to align: seed alignment covers 1.17% of the query sequence, which is less than expected 8.00% (configurable using 'min seed cover' CLI flag or dataset property). This is likely due to low quality of the provided sequence, or due to using incorrect reference sequence.
8	NC_040762.1 |Mammarenavirus aporeense																																																																								When processing sequence #8 'NC_040762.1 |Mammarenavirus aporeense': When calculating seed matches: Unable to align: seed alignment was unable to find any matches that are long enough. Only matches of at least 40 nucleotides long are considered (configurable using 'min match length' CLI flag or dataset property). This is likely due to low quality of the provided sequence, or due to using incorrect reference sequence.
3	NC_078292.1 |Mammarenavirus kitaleense																																																																								When processing sequence #3 'NC_078292.1 |Mammarenavirus kitaleense': When calculating seed matches: Unable to align: seed alignment covers 7.12% of the query sequence, which is less than expected 8.00% (configurable using 'min seed cover' CLI flag or dataset property). This is likely due to low quality of the provided sequence, or due to using incorrect reference sequence.
1	NC_078102.1 |Mammarenavirus lijiangense																																																																								When processing sequence #1 'NC_078102.1 |Mammarenavirus lijiangense': When calculating seed matches: Unable to align: seed alignment covers 4.91% of the query sequence, which is less than expected 8.00% (configurable using 'min seed cover' CLI flag or dataset property). This is likely due to low quality of the provided sequence, or due to using incorrect reference sequence.
9	NC_038364.1 |Mammarenavirus loeiense																																																																								When processing sequence #9 'NC_038364.1 |Mammarenavirus loeiense': When calculating seed matches: Unable to align: seed alignment was unable to find any matches that are long enough. Only matches of at least 40 nucleotides long are considered (configurable using 'min match length' CLI flag or dataset property). This is likely due to low quality of the provided sequence, or due to using incorrect reference sequence.
4	NC_078696.1 |Mammarenavirus bituense																																																																								When processing sequence #4 'NC_078696.1 |Mammarenavirus bituense': When calculating seed matches: Unable to align: seed alignment covers 5.93% of the query sequence, which is less than expected 8.00% (configurable using 'min seed cover' CLI flag or dataset property). This is likely due to low quality of the provided sequence, or due to using incorrect reference sequence.
14	NC_027135.1 |Mammarenavirus okahandjaense																																																																								When processing sequence #14 'NC_027135.1 |Mammarenavirus okahandjaense': When calculating seed matches: Unable to align: seed alignment covers 4.74% of the query sequence, which is less than expected 8.00% (configurable using 'min seed cover' CLI flag or dataset property). This is likely due to low quality of the provided sequence, or due to using incorrect reference sequence.
11	NC_039009.1 |Mammarenavirus ryukyuense																																																																								When processing sequence #11 'NC_039009.1 |Mammarenavirus ryukyuense': When calculating seed matches: Unable to align: seed alignment was unable to find any matches that are long enough. Only matches of at least 40 nucleotides long are considered (configurable using 'min match length' CLI flag or dataset property). This is likely due to low quality of the provided sequence, or due to using incorrect reference sequence.
12	NC_039012.1 |Mammarenavirus cameroonense																																																																								When processing sequence #12 'NC_039012.1 |Mammarenavirus cameroonense': When calculating seed matches: Unable to align: seed alignment was unable to find any matches that are long enough. Only matches of at least 40 nucleotides long are considered (configurable using 'min match length' CLI flag or dataset property). This is likely due to low quality of the provided sequence, or due to using incorrect reference sequence.
17	NC_023764.1 |Mammarenavirus merinoense																																																																								When processing sequence #17 'NC_023764.1 |Mammarenavirus merinoense': When calculating seed matches: Unable to align: seed alignment covers 2.38% of the query sequence, which is less than expected 8.00% (configurable using 'min seed cover' CLI flag or dataset property). This is likely due to low quality of the provided sequence, or due to using incorrect reference sequence.
16	NC_026018.1 |Mammarenavirus wenzhouense																																																																								When processing sequence #16 'NC_026018.1 |Mammarenavirus wenzhouense': When calculating seed matches: Unable to align: seed alignment covers 4.81% of the query sequence, which is less than expected 8.00% (configurable using 'min seed cover' CLI flag or dataset property). This is likely due to low quality of the provided sequence, or due to using incorrect reference sequence.
20	NC_013057.1 |Mammarenavirus mopeiaense																																																																								When processing sequence #20 'NC_013057.1 |Mammarenavirus mopeiaense': When calculating seed matches: Unable to align: seed alignment covers 3.55% of the query sequence, which is less than expected 8.00% (configurable using 'min seed cover' CLI flag or dataset property). This is likely due to low quality of the provided sequence, or due to using incorrect reference sequence.
18	NC_018710.1 |Mammarenavirus lunkense																																																																								When processing sequence #18 'NC_018710.1 |Mammarenavirus lunkense': When calculating seed matches: Unable to align: seed alignment covers 4.68% of the query sequence, which is less than expected 8.00% (configurable using 'min seed cover' CLI flag or dataset property). This is likely due to low quality of the provided sequence, or due to using incorrect reference sequence.
19	NC_016152.1 |Mammarenavirus lunaense																																																																								When processing sequence #19 'NC_016152.1 |Mammarenavirus lunaense': When calculating seed matches: Unable to align: seed alignment covers 4.74% of the query sequence, which is less than expected 8.00% (configurable using 'min seed cover' CLI flag or dataset property). This is likely due to low quality of the provided sequence, or due to using incorrect reference sequence.
22	NC_010756.1 |Mammarenavirus paranaense																																																																								When processing sequence #22 'NC_010756.1 |Mammarenavirus paranaense': When calculating seed matches: Unable to align: seed alignment was unable to find any matches that are long enough. Only matches of at least 40 nucleotides long are considered (configurable using 'min match length' CLI flag or dataset property). This is likely due to low quality of the provided sequence, or due to using incorrect reference sequence.
21	NC_012776.1 |Mammarenavirus lujoense																																																																								When processing sequence #21 'NC_012776.1 |Mammarenavirus lujoense': When calculating seed matches: Unable to align: seed alignment was unable to find any matches that are long enough. Only matches of at least 40 nucleotides long are considered (configurable using 'min match length' CLI flag or dataset property). This is likely due to low quality of the provided sequence, or due to using incorrect reference sequence.
25	NC_010701.1 |Mammarenavirus tamiamiense																																																																								When processing sequence #25 'NC_010701.1 |Mammarenavirus tamiamiense': When calculating seed matches: Unable to align: seed alignment covers 2.26% of the query sequence, which is less than expected 8.00% (configurable using 'min seed cover' CLI flag or dataset property). This is likely due to low quality of the provided sequence, or due to using incorrect reference sequence.
23	NC_010757.1 |Mammarenavirus flexalense																																																																								When processing sequence #23 'NC_010757.1 |Mammarenavirus flexalense': When calculating seed matches: Unable to align: seed alignment was unable to find any matches that are long enough. Only matches of at least 40 nucleotides long are considered (configurable using 'min match length' CLI flag or dataset property). This is likely due to low quality of the provided sequence, or due to using incorrect reference sequence.
24	NC_010758.1 |Mammarenavirus latinum																																																																								When processing sequence #24 'NC_010758.1 |Mammarenavirus latinum': When calculating seed matches: Unable to align: seed alignment was unable to find any matches that are long enough. Only matches of at least 40 nucleotides long are considered (configurable using 'min match length' CLI flag or dataset property). This is likely due to low quality of the provided sequence, or due to using incorrect reference sequence.
26	NC_010700.1 |Mammarenavirus whitewaterense																																																																								When processing sequence #26 'NC_010700.1 |Mammarenavirus whitewaterense': When calculating seed matches: Unable to align: seed alignment was unable to find any matches that are long enough. Only matches of at least 40 nucleotides long are considered (configurable using 'min match length' CLI flag or dataset property). This is likely due to low quality of the provided sequence, or due to using incorrect reference sequence.
27	NC_010562.1 |Mammarenavirus chapareense																																																																								When processing sequence #27 'NC_010562.1 |Mammarenavirus chapareense': When calculating seed matches: Unable to align: seed alignment covers 1.19% of the query sequence, which is less than expected 8.00% (configurable using 'min seed cover' CLI flag or dataset property). This is likely due to low quality of the provided sequence, or due to using incorrect reference sequence.
28	NC_010247.1 |Mammarenavirus amapariense																																																																								When processing sequence #28 'NC_010247.1 |Mammarenavirus amapariense': When calculating seed matches: Unable to align: seed alignment was unable to find any matches that are long enough. Only matches of at least 40 nucleotides long are considered (configurable using 'min match length' CLI flag or dataset property). This is likely due to low quality of the provided sequence, or due to using incorrect reference sequence.
29	NC_010253.1 |Mammarenavirus allpahuayoense																																																																								When processing sequence #29 'NC_010253.1 |Mammarenavirus allpahuayoense': When calculating seed matches: Unable to align: seed alignment was unable to find any matches that are long enough. Only matches of at least 40 nucleotides long are considered (configurable using 'min match length' CLI flag or dataset property). This is likely due to low quality of the provided sequence, or due to using incorrect reference sequence.
30	NC_010248.1 |Mammarenavirus oliverosense																																																																								When processing sequence #30 'NC_010248.1 |Mammarenavirus oliverosense': When calculating seed matches: Unable to align: seed alignment covers 1.13% of the query sequence, which is less than expected 8.00% (configurable using 'min seed cover' CLI flag or dataset property). This is likely due to low quality of the provided sequence, or due to using incorrect reference sequence.
31	NC_010254.1 |Mammarenavirus cupixiense																																																																								When processing sequence #31 'NC_010254.1 |Mammarenavirus cupixiense': When calculating seed matches: Unable to align: seed alignment was unable to find any matches that are long enough. Only matches of at least 40 nucleotides long are considered (configurable using 'min match length' CLI flag or dataset property). This is likely due to low quality of the provided sequence, or due to using incorrect reference sequence.
32	NC_010256.1 |Mammarenavirus bearense																																																																								When processing sequence #32 'NC_010256.1 |Mammarenavirus bearense': When calculating seed matches: Unable to align: seed alignment covers 1.20% of the query sequence, which is less than expected 8.00% (configurable using 'min seed cover' CLI flag or dataset property). This is likely due to low quality of the provided sequence, or due to using incorrect reference sequence.
33	NC_007903.1 |Mammarenavirus praomyidis																																																																								When processing sequence #33 'NC_007903.1 |Mammarenavirus praomyidis': When calculating seed matches: Unable to align: seed alignment covers 5.92% of the query sequence, which is less than expected 8.00% (configurable using 'min seed cover' CLI flag or dataset property). This is likely due to low quality of the provided sequence, or due to using incorrect reference sequence.
35	NC_006575.1 |Mammarenavirus mopeiaense																																																																								When processing sequence #35 'NC_006575.1 |Mammarenavirus mopeiaense': When calculating seed matches: Unable to align: seed alignment covers 4.67% of the query sequence, which is less than expected 8.00% (configurable using 'min seed cover' CLI flag or dataset property). This is likely due to low quality of the provided sequence, or due to using incorrect reference sequence.
36	NC_006447.1 |Mammarenavirus caliense																																																																								When processing sequence #36 'NC_006447.1 |Mammarenavirus caliense': When calculating seed matches: Unable to align: seed alignment was unable to find any matches that are long enough. Only matches of at least 40 nucleotides long are considered (configurable using 'min match length' CLI flag or dataset property). This is likely due to low quality of the provided sequence, or due to using incorrect reference sequence.
37	NC_005894.1 |Mammarenavirus piritalense																																																																								When processing sequence #37 'NC_005894.1 |Mammarenavirus piritalense': When calculating seed matches: Unable to align: seed alignment covers 1.18% of the query sequence, which is less than expected 8.00% (configurable using 'min seed cover' CLI flag or dataset property). This is likely due to low quality of the provided sequence, or due to using incorrect reference sequence.
38	NC_005077.1 |Mammarenavirus guanaritoense																																																																								When processing sequence #38 'NC_005077.1 |Mammarenavirus guanaritoense': When calculating seed matches: Unable to align: seed alignment covers 3.59% of the query sequence, which is less than expected 8.00% (configurable using 'min seed cover' CLI flag or dataset property). This is likely due to low quality of the provided sequence, or due to using incorrect reference sequence.
39	NC_005078.1 |Mammarenavirus machupoense																																																																								When processing sequence #39 'NC_005078.1 |Mammarenavirus machupoense': When calculating seed matches: Unable to align: seed alignment covers 2.33% of the query sequence, which is less than expected 8.00% (configurable using 'min seed cover' CLI flag or dataset property). This is likely due to low quality of the provided sequence, or due to using incorrect reference sequence.
40	NC_005081.1 |Mammarenavirus juninense																																																																								When processing sequence #40 'NC_005081.1 |Mammarenavirus juninense': When calculating seed matches: Unable to align: seed alignment was unable to find any matches that are long enough. Only matches of at least 40 nucleotides long are considered (configurable using 'min match length' CLI flag or dataset property). This is likely due to low quality of the provided sequence, or due to using incorrect reference sequence.
41	NC_004293.1 |Mammarenavirus tacaribeense																																																																								When processing sequence #41 'NC_004293.1 |Mammarenavirus tacaribeense': When calculating seed matches: Unable to align: seed alignment was unable to find any matches that are long enough. Only matches of at least 40 nucleotides long are considered (configurable using 'min match length' CLI flag or dataset property). This is likely due to low quality of the provided sequence, or due to using incorrect reference sequence.
42	NC_004294.1 |Mammarenavirus choriomeningitidis																																																																								When processing sequence #42 'NC_004294.1 |Mammarenavirus choriomeningitidis': When calculating seed matches: Unable to align: seed alignment covers 4.74% of the query sequence, which is less than expected 8.00% (configurable using 'min seed cover' CLI flag or dataset property). This is likely due to low quality of the provided sequence, or due to using incorrect reference sequence.
43	NC_004296.1 |Mammarenavirus lassaense	LIV_V	406.250000	bad	0	0	1926	0	0	0	0	0	0	0	7380	1	1476	1	true			0:GCGCACCGGGGATCCTAGGCATTTTTGGTTGCGCAATTCAAGTGTCCTATTTAAA,1476:GACCCTTGTCAGGGCCCCCGTGACCCACCGCCTATTGGCGGTGGGTCACGGGGGCGTCCATTTACAGAACGACTCTAGGTGTCGATGTTCTGAACACCATATCTCTGGGCAGCACTGCTCTCAAAACCGATGTGTTCAGTCCTCCTGACACTGCTGCATCAAACATGATGCAGTCCATTAGTGCACAGTGAGGGGTTATTTCCTCTTTACCGCCTCTTTTCTTCTTTTCAACAACGACACCTGTGTGCATGTGGCATAAGTCTTTATACTGGTCCCAGACTGCATTTTCATACTTCCTGGAATCAGTTTTGCTGAGGGCAATATCAATTAGTTTAATGTCTTTTCTTCCTTGTGATTCAAGGAGTTTCCTTATGTCATCGGACCCCTGACAGGTAATGACCATATTCCGGGGGAGTGCATCAATGACAGCACTGGTCAAGCCCGGTTGTGTAGCGAAGAGGTCTGTGACATCAATCCCATGTGAGTACTTAGCATCCTGCTTGAACTGCTTTAAATCAGTAGGTTCACGGAAGAAGTGTATGTAGCAGCCTGAACTTGGTTGATAGAGGGCAATTTCCACTGGATCTTCAGGTCTTCCTTCAATGTCCATCCAGGTCTTAGCATTTGGGTCAAGTTGCAGCATTGCATCCTTGAGGGTCATCAGCTGAGAATAGGTAAGCCCAGCGGTAAACCCTGCCGACTGCAGGGATTTACTGGAATTGTTGCTGTCAGCTTTCTGTGGCTTCCCATCTGATTCCAGATCAACGACAGTGTTTTCCCAGGCCCTTCCTGTTATTGAGGTTCTTGATGCAATATATGGCCATCCATCTCCTGACAAACAAATCTTGTAGAGTATGTTTTCATAAGGATTCCTTTCACCAGGGGTGTCTGAAATGAACATTCCAAGAGCCTTCTTGACCTTTAAAATGGATTTGAGGATACCATCCATTGTCTGAGGTGACACCTTGATTGTCTCCAACATATTGCCACCATCCAGCATGCAAGCTCCTGCCTTCACAGCTGCACCCAAGCTAAAATTATAACCTGAGATATTCAAAGAGCTTTTCTTGGTGTCAATCATATTTAGGATGGGATGACTTTGAGTCAGCCTGTCTAAGTCTGAAGTGTTGGGATACTTTGCTGTGTAGATCAAACCCAAATCTGTCAATGCTTGTACTGCATCATTCAAGTCAACCTGCCCCTGTTTTGTCAGACATGCCAGTGTCAGACTTGGCATGGTCCCGAACTGATTATTGAGCAACTCTGCATTTTTCACATCCCAAACTCTCACCACTCCATCTCTCCCAGCCCGAGCCCCTTGATTACCACCACTCATTCCTATCATATTCAGGAGAGCTCTTCTTTGGTCAAGTTGCTGTGAGCTTAGGTTGCCCATATAGACACCTGCACTTAATGGCCTTTCTGTTCTGATCACCTTTGACTTTAACTTCTCTAGATCAGCGGCTAAGATTAATAAGTCATCTGAGGTTAGAGTCCCAACTCTCAGTATACTCTTTTGTTGAGTTGATTTTAATTCAACAAGATTGTTGACCGCTTGATTTAGGTCCCTCAACCGTTTCAAATCATTGTCATCCCTTCTCTCCTTGCGCATCAACCGTTGAACATTACTGACTTCGGAGAAGTCAAGTCCATGTAAAAGAGCCTGGGCATCTTTCACCACCTGTAGTTTGATGTTGGAGCAGTAACCAGATAATTCCCTCCTCAAAGATTGTGTCCACAAAAAGGATTTTATTTCCTTTGAGGCACTCATCGCCAGATTGTTGTGTTGTATGCACGCAACAAAGAACTGAGACTATCTGCCAAAATGACAAAAGCAAAGCGCAATCCAATAGCCTAGGATCCACTGTGCG					A82G,A120G,C129T,C162T,C186T,T345C,C543T,A561G,C573T,G626A,G627C,C747T,C772T,A774G,C813T,G816A,A846G,A1136G,C1227T,C1311T,C1326T,G1404A,C1413T,A1422T,T1440C			25	0	0	25		NODE_0000078	G6A,G9A,T24C,A27G,G48A,T76C,C81T,A82G,T85C,G87A,G99A,C111T,G112T,C117A,A120G,C129T,A130G,C135T,C144T,T150C,A153G,C154T,A162T,T172A,C183T,C186T,C195T,C210T,G216A,G219A,C237T,C249T,C276T,C282T,G287T,G306A,G309A,G312A,C319T,A330G,C336T,C339T,G348A,C351T,C357T,T360G,T369C,G375A,T384C,C399T,C424T,T432C,T462C,T465C,C468T,C471T,G480A,C486T,A504G,C512G,T513C,A522G,C537T,C543T,A546T,T561G,C562T,G564A,C570T,C573T,A620G,G624C,C636T,C639T,C645T,G669A,C672T,C687T,G696A,A702G,T717C,T726C,G741A,A744G,C747T,C753T,C759T,G768A,C772T,G777A,C804T,C813T,T816A,A828G,T831A,C834T,A840G,T853C,G855A,T868C,G870A,T879C,C903T,A912G,C927T,A945G,G960A,A969T,G972A,C1002T,C1006T,G1023A,C1030T,A1032G,T1041C,G1044A,G1047T,T1050A,G1065A,G1080A,C1092T,A1104G,C1107T,T1127C,C1128T,T1144C,A1146G,C1155T,G1164A,C1173T,C1180T,A1182G,T1185C,C1206T,G1212A,C1227T,A1236T,C1243T,G1245A,A1248G,A1254G,C1257T,A1266G,A1269G,T1281A,C1287T,T1288C,G1290A,T1299C,C1305G,C1311T,T1320C,G1326T,C1329T,T1344C,T1345C,G1353A,C1362T,A1368G,C1371T,G1377A,A1383G,C1384T,A1386G,C1398T,G1404A,C1405T,C1410T,C1413T,C1425T,T1428C,T1434A,G1437C,A1446G,C1455G,G1463A,A1475G		GPC:I28V,GPC:V38F,GPC:I44V,GPC:S58T,GPC:X60S,GPC:R96M,GPC:T171S,GPC:H207R,GPC:N272K,GPC:I376T,GPC:P462S,GPC:R488K,GPC:X492*				24	0	good	0	4	0	good	0	12	21	175	bad	25	772-815:4,1404-1439:4	100	bad	8		0		0	0	good		0	0	good	0			When processing sequence #43 'NC_004296.1 |Mammarenavirus lassaense': Sequence is reverse-complemented: Seed matching failed for the original sequence, but succeeded for its reverse complement. Outputs will be derived from the reverse complement and 'reverse complement' suffix will be added to sequence ID.	
13	NC_027134.1 |Mammarenavirus marientalense	LIV_V	114775.694444	bad	427	12	1896	5	0	0	99	4	1	27	4617	1	1476	1	false	A9G,A12T,A18T,G27A,G33C,T39C,G40A,A45T,A48G,G51A,T72A,G73A,A75C,G78C,T81A,G82T,A84C,A87G,A90C,G91A,G93T,A99G,T102C,G105T,T112G,T114G,G120C,T123C,C127A,T129C,G130A,T135C,T136C,G138C,G139A,A142T,T144A,C148T,T149G,C151A,G153T,T154C,T162A,T168C,A172T,A174C,C176T,C177T,T186C,G192C,G193A,T194C,T195C,G199A,G201C,C205T,A206C,G207T,C209G,T210C,C211A,G213T,C217T,C222G,G226C,C234G,T237C,T239C,G240A,C243A,C255A,C258T,C267T,T276C,T282C,A285T,A286T,G288T,T297C,A299G,A301T,A303C,A306C,A309G,A312G,C313A,T319C,G321C,C324T,G330C,T336A,A337C,T339A,C345T,A348G,T351C,T357C,G360C,T366C,C369T,A375G,A379G,C384T,T387C,G388A,C390T,C393T,T396G,T399C,A408C,C411A,T412A,T417A,C420T,C423T,T424C,G426C,C432T,C435A,C438T,C441T,A442G,A443G,T444A,A460T,G461C,C462A,C465T,T471C,G477T,A480G,G483C,T486C,G488C,G504C,G506C,T507G,C510T,G512A,C513T,A515C,T516A,C518T,G521T,G522T,G526T,C530G,C534T,T537C,T543A,G547C,G556A,T558C,G559A,G561C,T562A,A564G,C565G,G567T,A568G,C569T,T570C,G579A,G583T,C584A,T585C,G592C,G593A,A595T,C597T,A599G,C600G,T602A,G604T,C605G,T608C,G610T,A611C,C614G,G616T,G617T,T621A,G623A,A626C,C627A,G629A,G630C,G631A,C633T,T639A,T651C,C652A,A653G,A654G,T657C,G660T,A661G,C666A,A673G,C674T,A675C,C677G,A683C,A684G,C694A,A695T,A696C,C699T,G702A,A708C,T711C,C714G,C717G,T720A,A722T,T723C,C724A,C726T,G727T,G728C,G729T,C730T,C732A,C733A,C735T,A738T,A745G,C746T,T747G,A750G,G751T,A752C,T753G,T759C,T762C,A763T,G764C,T765G,A769C,T772A,G774C,A777G,C780A,A783T,C786T,A789T,C800G,G802C,T813C,A816T,C819T,A820T,C821T,A825G,G828T,T834C,G840A,A841C,C842A,C843A,G845A,C853T,A855G,T858C,G859T,A860C,G861A,T864A,C868A,A870G,A873G,A888T,T891C,G894T,A897T,A900G,T903C,G907C,A908T,G909T,G912C,G921A,T927C,G939T,G945C,C951T,A960G,A963G,C966A,C970G,A972T,G974A,A980G,A981G,G982A,C983T,A990G,A993G,C999G,A1000T,C1003A,G1005A,G1008T,C1011A,A1013C,A1020G,A1023T,G1027T,T1029A,A1033G,C1041T,C1045T,T1047A,A1050T,A1055G,G1056A,C1063T,C1066A,G1067A,G1068A,C1071T,A1072C,C1074T,A1080T,T1083A,C1089T,T1095C,G1100C,C1101A,A1106T,T1107C,A1112T,C1113T,C1116A,C1120G,C1127G,T1128G,G1134A,A1140T,A1143T,C1144T,C1149A,A1152G,C1159A,T1160A,T1161A,A1164G,T1165A,A1167C,T1173C,T1174A,T1180C,G1182C,C1185T,T1206G,A1212G,C1216G,A1218G,C1224T,T1227C,C1233A,T1243C,A1245T,G1248A,G1254A,T1257C,A1258T,G1261A,G1263T,G1272C,G1275A,A1281G,T1282C,G1284T,T1287G,A1290T,T1293A,C1296T,G1305A,A1314T,T1323C,C1324T,T1326G,T1341C,G1348A,T1362A,T1365C,G1368A,T1371C,T1374C,G1375C,T1376G,A1377C,C1380G,G1383A,T1384C,G1386A,C1392A,A1395G,C1401T,A1409C,C1411A,T1413A,G1418C,T1422C,C1428T,A1434G,C1435G,T1436C,C1437T,C1440T,A1441G,A1442G,G1446A,T1449C,G1453C,G1455A,T1458A,G1459A,T1460C,G1461C,A1464G,A1468G,A1469C,G1470C,A1471C,G1475A	175,183-184,220-221,292-294,808-810,995	0:CGCACCGGGGATCCTAGGCATTTTTGGACTGCGCCGAAGCGTGTGATA,228:G,231:C,590:ACACTCCC,623:AGAA,797:AA,803:G,1006:C,1476:AACTGACTCCAAGAGCCCCCGTGACTCACCGCCTTTTGGCGGTGAGTCACGGGGGCCTCCTTACAGAGTGACTTTGTTATAGATTGATCTGAACACCAGGTCTCTCGGCAGGACAGGGTTTAGCGTCTTGTCTCTCAGACCTCCATGGGTGGCAGCGTCATACATGATACAATCAAACAATGCACAATGAGGGGTGATTTCCTCTTTGCCACCTTTCTTTCTTTTCTCCACAACAATTCCAGTGTGAACAGTGCAAAGTCTCTTATAGGTGTCCCAGACTAGGTCTTCAAATTTTCTAGATTCTTCCTTACTCATTGACACATCTATTAGTTTAATGTCCTTCCTAGCTTGTGAATCGAGCAGCTTTCTGATGTCTGAAGCTCCCTGACAGGTGAGTGCCATGTTCTTTGGAAGTAATTCAATGACTGCACTGGTCAATCCAGGTTGAGCAGGATAAAGTTCATTAGCATCAATCCCATGTGAGTACTTAGAGTCCTGTTTAAATTGTTTTAGATCAGTTGGCTCTCTGTAAAAGTGAATGTAATTACCATTATCTGGTTGATAAAGCGCAATCTCAACAGGATCTTCTGGTCTACCTTCTATGTCAATCCAAGTTTGAGCATTAGGATCAATGGGTTTCATTGCATCCTTCAAGCACATGAGCTGTGAGTAGGTCAAGCCTGTGGGCATTCCTACAGGTGGTTTTGGAATTTTCTTGGGGGACTCAGTTGGTGAGTTTGGAGAGCCATCAGAAAAATCCACAATTGTGTTTTCCCAGGAGCGACCTTGTATATTTGTCCTGCAAGCTATGTAGGGCCACCCATCACCAGACAAGCACAACTTGTAAAGCAGATTCTCATAAGGATTTCTATCACCAGGAGTGTCCGACACAAACATGCCCATTGCTCTTTTAGCCTTCAGCATTGAGACCAAAATGTTATCCATATTTTGTGGTGTTATTTTTATTGTCTCCAACATGTTTCCACCATCCAACATGCAAGCGCCAGCTTTGACAGCAGCACTCAGACTAAAGTTGTATCCAGACACATTGATAGCAGATTTCTCAGTATCAATAATACCAAGCACTGGATGATTTTTGACAAGTTTTTCCAAGTCACTTGAGTTGGGGTACTTAGCAGTGTAAATGAGGCCCAAATCAGTCAGTGACTGGACCACGTCATTCAATTCATACTGTCCTTGCTTCGCCATGCAAGCCAGTGTCAGGCTGGGCATAGTTCCGAACTGATTGTTCAATAGGTCTGGATTTTTTACATCCCAAACCCTCACAATCCCATCCCCATTGGGTCTGACCCTTCGGTTAGGACCCATCATTCCGACAGCCTCAAGAAGCCTTCTCCTTTGATCCAGCTGCTGATTTGTCAGATTCCCCATGTACACCCCACTCACACTGGGCCTTTCAGTTCTAACAATCTTATTCTTCAGTTTGTCAAGGTCAGCTGCCAACACCAGCAGATCATCAGATGTTAGTTTCCCGACTTTTAAAACACTTTTTTGTTGAGCCGATTTAAGCTCAACAAGATTGTAAACCGTTTGGTTTAGGTCCCTTAGACGTTTTAGGTCAGCTTCCCCTCTCTTCTCTTTCCTCATGAGACGCTGTACATTGGCCACCTCTGAGAAGTCCAAGCTGTGAAGCAGGGATTGAGCATCTTTGATTACCTGACCTTTCACAGGCACACAAAATGTGCTCAGCTCCCTTCTCAAGGTCTGAGTCCACTGGAATGATCTGACCTCCTTTGATAGACTCATTCTGCCTCTAAAAGCAAATCAGATTAATGCGCAGACCAAAATTCGCCTAGGATCCACTGTGCG	GPC:60-61,GPC:75-77,GPC:198-208,GPC:267-268,GPC:333-336	GPC:V14I,GPC:A25T,GPC:V28F,GPC:V31I,GPC:F38V,GPC:L43I,GPC:V44I,GPC:V47I,GPC:T48S,GPC:L50C,GPC:L51I,GPC:T58S,GPC:V65T,GPC:E67N,GPC:Q69S,GPC:T70S,GPC:L71I,GPC:M80T,GPC:M96F,GPC:E100G,GPC:T101S,GPC:L105M,GPC:I113L,GPC:N127D,GPC:D130N,GPC:S138T,GPC:N148G,GPC:K161N,GPC:S163T,GPC:S169T,GPC:S171N,GPC:Y172S,GPC:A173V,GPC:G174V,GPC:A176S,GPC:A177G,GPC:V183L,GPC:G186S,GPC:V187I,GPC:L188M,GPC:Q189D,GPC:T190V,GPC:A195Y,GPC:Q218R,GPC:I221V,GPC:T225V,GPC:T226S,GPC:E228A,GPC:Q232I,GPC:I239M,GPC:Y241F,GPC:L242I,GPC:G243S,GPC:L245I,GPC:T249V,GPC:D251S,GPC:L258I,GPC:E270S,GPC:K272N,GPC:T274L,GPC:T281Q,GPC:R282K,GPC:E287S,GPC:L290M,GPC:E303L,GPC:K304N,GPC:Q324D,GPC:R325K,GPC:K327R,GPC:A328I,GPC:N338T,GPC:A343S,GPC:I345V,GPC:K352R,GPC:R356K,GPC:I358L,GPC:S367T,GPC:Y369F,GPC:Y371F,GPC:H374D,GPC:T376R,GPC:L387K,GPC:S389T,GPC:S392T,GPC:D402E,GPC:Q406E,GPC:M420L,GPC:E421N,GPC:V450I,GPC:V459R,GPC:S462P,GPC:N470T,GPC:H471K,GPC:G473A,GPC:L479A,GPC:K481G,GPC:V485L,GPC:V487T,GPC:K490A	GPC:T59-,GPC:Y62-,GPC:N74-,GPC:G98-	GPC:211:NTYN	G6A,G66T,T147C,T150C,A179G,G189A,C279T,A300G,A453G,A546T,C573T,T612C,T624C,G625A,C636T,G669A,C672T,G831A,T879C,C882G,T937C,C1002T,C1006T,A1032G,G1065A,G1126A,A1136G,C1155T,T1179C,C1197T,C1311T,T1320C,G1372A,C1405T,C1425T,G1463A		A12T,A18T,G27A,G33C,T39C,G40A,A45T,C72A,G73A,A75C,G78C,T81A,A82T,A84C,A87G,A90C,G91A,G93T,A99G,T102C,G105T,T114G,A120C,T123C,C127A,T135C,T136C,G138C,A142T,C144A,C148T,T149G,T151A,G153T,T162A,T168C,A172T,A174C,C176T,C177T,A192C,G193A,T194C,T195C,G199A,G201C,C205T,A206C,A207T,C209G,T210C,C211A,G213T,C217T,C222G,G226C,C234G,T239C,G240A,C243A,C255A,C258T,C267T,T282C,A285T,A286T,G288T,T297C,A299G,A301T,A303C,A306C,A312G,C313A,T319C,G321C,C324T,A330C,C336A,A337C,C339A,C345T,T351C,G360C,T366C,A375G,A379G,C384T,T387C,G388A,T396G,A408C,C411A,T412A,T417A,C420T,C423T,T424C,G426C,C435A,C438T,C441T,A442G,A443G,T444A,A460T,G461C,C462A,G477T,A480G,G483C,G488C,A504C,G506C,T507G,C510T,G512A,C513T,A515C,T516A,C518T,A522T,G526T,C530G,C534T,T537C,T543A,A547C,G556A,T558C,G559A,T561C,T562A,A564G,C565G,G567T,A568G,C569T,T570C,G579A,G583T,C584A,T585C,G592C,G593A,A595T,A599G,C600G,T602A,G604T,C605G,T608C,G610T,A611C,C614G,G616T,G617T,T621A,G623A,G626C,G629A,G630C,G631A,C633T,C639A,C652A,A653G,A654G,T657C,G660T,A661G,T666A,A673G,C674T,A675C,C677G,A683C,A684G,C694A,A695T,G696C,C699T,A708C,T711C,C714G,C717G,C720A,A722T,C724A,G727T,G728C,G729T,C730T,C732A,C733A,C735T,A738T,A745G,C746T,C747G,A750G,G751T,A752C,C753G,T759C,A763T,G764C,T765G,A769C,C772A,A774C,C780A,A783T,C786T,A789T,C800G,G802C,A816T,A820T,C821T,A825G,G828T,G840A,A841C,C842A,T843A,G845A,C853T,T858C,G859T,A860C,T864A,T868A,A873G,A888T,T891C,G894T,A897T,A900G,G907C,A908T,G909T,G912C,T927C,G939T,A945C,C951T,A960G,A963G,C966A,C970G,A972T,G974A,A980G,A981G,G982A,C983T,A990G,A993G,T999G,A1000T,C1003A,G1005A,G1008T,C1011A,A1013C,G1023T,G1027T,C1029A,A1033G,C1045T,A1050T,A1055G,C1063T,C1066A,G1067A,C1071T,A1072C,G1080T,T1083A,C1089T,G1100C,C1101A,A1106T,A1112T,C1116A,C1120G,T1127G,C1128G,G1134A,A1140T,A1143T,T1149A,A1152G,C1159A,T1160A,T1161A,A1164G,T1165A,A1167C,T1173C,T1174A,A1182C,C1185T,T1206G,C1216G,C1224T,C1233A,G1245T,G1248A,A1258T,G1261A,G1263T,G1272C,G1275A,A1281G,T1282C,G1284T,C1287G,G1290T,T1293A,C1296T,G1305A,A1314T,T1323C,C1324T,C1326G,T1341C,G1348A,T1362A,T1365C,G1368A,T1371C,T1374C,G1375C,T1376G,G1377C,C1380G,G1386A,T1392A,A1395G,C1401T,A1409C,C1411A,C1413A,G1418C,A1422C,C1435G,T1436C,C1437T,C1440T,A1441G,A1442G,T1449C,G1453C,G1455A,T1458A,G1459A,T1460C,A1461C,A1464G,A1468G,A1469C,G1470C,A1471C,G1475A	36	0	366	402		NODE_0000078	G6A,A12T,A18T,T24C,G33C,T39C,G40A,A45T,G51A,T72A,G73A,A75C,T76C,G78C,C81A,A82T,A84C,T85C,A90C,G91A,G93T,T102C,G105T,C111T,T114G,C117A,A120C,T123C,C127A,T136C,G138C,G139A,A142T,C144A,C148T,T149G,T150C,C151A,A153T,T168C,A174C,C176T,C177T,G192C,G193A,T194C,G199A,G201C,C205T,A206C,G207T,C209G,C211A,G213T,G216A,C217T,G219A,C222G,G226C,C234G,T239C,G240A,C243A,C249T,C255A,C258T,C267T,A285T,A286T,G287T,G288T,T297C,A299G,A301T,A303C,G306C,C313A,G321C,C324T,A330C,C336A,A337C,C339A,C345T,T360C,T366C,A379G,T387C,G388A,C390T,C393T,T396G,A408C,C411A,T412A,T417A,C420T,C423T,G426C,C435A,C438T,C441T,A442G,A443G,T444A,A460T,G461C,T462A,C468T,G477T,G483C,G488C,A504C,G506C,T507G,C510T,C512A,A515C,T516A,C518T,G521T,A522T,G526T,C530G,C534T,C543A,A546T,G547C,G556A,T558C,G559A,T561C,C562A,C565G,G567T,A568G,C569T,C573T,G579A,G583T,C584A,T585C,G592C,G593A,A595T,C597T,A599G,C600G,T602A,G604T,C605G,T608C,G610T,A611C,C614G,G616T,G617T,A620G,T621A,G623A,G624C,A626C,C627A,G629A,G630C,G631A,C633T,C636T,C639A,C645T,T651C,C652A,A653G,A654G,T657C,G660T,A661G,C666A,G669A,C672T,A673G,C674T,A675C,C677G,A683C,A684G,C687T,C694A,A695T,G696C,C699T,A708C,T711C,C714G,T717G,T720A,A722T,T723C,C724A,G727T,G728C,G729T,C730T,C732A,C733A,C735T,A738T,G741A,A744G,A745G,C746T,C747G,A750G,G751T,A752C,C753G,T762C,A763T,G764C,T765G,G768A,A769C,C772A,G774C,C780A,A783T,C786T,A789T,C800G,G802C,C804T,C819T,A820T,C821T,A825G,A828T,T831A,A841C,C842A,C843A,G845A,T858C,G859T,A860C,G861A,T864A,T868A,A873G,T879C,A888T,T891C,G894T,A897T,A900G,G907C,A908T,G909T,A912C,G921A,G939T,A945C,C951T,A963G,C966A,A969T,C970G,G972T,G974A,A980G,A981G,G982A,C983T,A990G,A993G,C999G,A1000T,C1002T,C1003A,G1005A,C1006T,G1008T,C1011A,A1013C,A1020G,G1023T,G1027T,T1029A,C1030T,A1032G,A1033G,G1044A,C1045T,G1047A,A1055G,G1056A,C1063T,G1065A,C1066A,G1067A,G1068A,C1071T,A1072C,C1074T,G1080T,T1083A,C1089T,C1092T,T1095C,G1100C,C1101A,A1104G,A1106T,A1112T,C1113T,C1116A,C1120G,T1127G,C1128G,G1134A,A1140T,A1143T,A1146G,C1149A,A1152G,C1155T,C1159A,T1160A,T1161A,T1165A,A1167C,T1174A,A1182C,C1206G,C1216G,A1218G,C1224T,C1233A,A1236T,G1245T,A1258T,G1261A,G1263T,A1266G,A1269G,G1272C,G1275A,T1281G,T1282C,G1284T,C1287G,T1288C,G1290T,T1293A,C1296T,T1299C,C1305A,C1311T,A1314T,T1320C,T1323C,C1324T,C1329T,T1341C,T1344C,T1345C,G1348A,G1353A,C1362A,T1365C,T1374C,G1375C,T1376G,G1377C,C1380G,C1392A,A1395G,C1398T,C1401T,G1404A,C1405T,A1409C,C1410T,C1411A,C1413A,G1418C,T1422C,C1425T,T1434G,C1435G,T1436C,G1437T,C1440T,A1441G,A1442G,T1449C,G1453C,C1455A,T1458A,G1459A,T1460C,G1461C,G1463A,A1464G,A1468G,A1469C,G1470C,A1471C	175,183-184,220-221,292-294,808-810,995	GPC:V14I,GPC:A25T,GPC:I28F,GPC:V31I,GPC:L43I,GPC:V47I,GPC:T48S,GPC:L50C,GPC:L51I,GPC:V65T,GPC:E67N,GPC:Q69S,GPC:T70S,GPC:L71I,GPC:M80T,GPC:R96F,GPC:E100G,GPC:T101S,GPC:L105M,GPC:I113L,GPC:N127D,GPC:D130N,GPC:S138T,GPC:N148G,GPC:K161N,GPC:S163T,GPC:S169T,GPC:T171N,GPC:Y172S,GPC:A173V,GPC:G174V,GPC:A176S,GPC:A177G,GPC:V183L,GPC:G186S,GPC:V187I,GPC:L188M,GPC:Q189D,GPC:T190V,GPC:A195Y,GPC:Q218R,GPC:I221V,GPC:T225V,GPC:T226S,GPC:E228A,GPC:Q232I,GPC:I239M,GPC:Y241F,GPC:L242I,GPC:G243S,GPC:L245I,GPC:T249V,GPC:D251S,GPC:L258I,GPC:E270S,GPC:T274L,GPC:T281Q,GPC:R282K,GPC:E287S,GPC:L290M,GPC:E303L,GPC:K304N,GPC:Q324D,GPC:R325K,GPC:K327R,GPC:A328I,GPC:N338T,GPC:A343S,GPC:I345V,GPC:K352R,GPC:R356K,GPC:I358L,GPC:S367T,GPC:Y369F,GPC:Y371F,GPC:H374D,GPC:I376R,GPC:L387K,GPC:S389T,GPC:S392T,GPC:D402E,GPC:Q406E,GPC:M420L,GPC:E421N,GPC:V450I,GPC:V459R,GPC:N470T,GPC:H471K,GPC:G473A,GPC:L479A,GPC:K481G,GPC:V485L,GPC:V487T,GPC:R488K,GPC:K490A,GPC:X492*	GPC:T59-,GPC:Y62-,GPC:N74-,GPC:G98-	GPC:60-61,GPC:75-77,GPC:198-211,GPC:267-269,GPC:332-336		24	0	good	0	4	0	good	0	12	404	3366.666667	bad	408	6-1474:402	50	mediocre	402	GPC:60-61,GPC:75-77,GPC:198-208,GPC:267-268,GPC:333-336	5		0	375	bad		0	0	good	0				
6	NC_079107.1 |Mammarenavirus dhati-welelense	LII	109852.777778	bad	421	16	1887	6	0	0	87	7	0	15	4638	1	1476	1	false	A9G,A12T,G15T,C24T,G40A,A48G,T66C,C69A,T72A,G73A,A75T,C76T,T81C,G82C,A84C,A90C,G91A,G93C,C94T,A99G,T102C,C103A,G105A,C108T,T112G,T114A,G115A,C116T,A117G,G120C,C126A,C127T,T129G,G130A,T135A,T136C,G138A,G139A,C141T,T144C,C147T,C150A,T162A,G164A,G165A,T168C,C171T,A172T,C176A,C177A,T183A,T186C,A189G,G191A,G192C,G193A,T194A,T195C,G207T,A208G,A216C,A219G,A220G,G226T,A227C,G228T,A229G,C230G,A231C,A238G,T239C,C243T,T249C,C255A,C258T,A259T,C267T,C270T,A271T,G272C,T273C,T276C,T279C,T282C,A286C,T287A,G291T,G292T,G293T,T297C,G298A,A299C,G300A,C302G,A303T,A306G,A309G,C318T,T319C,C324A,A328G,C329A,G330C,A331T,G332C,C333T,T336A,T339A,A341C,T342C,T350A,T357C,C358T,C369T,A375G,G378A,C382T,C384A,G394A,C397A,T399G,A403G,G404C,C405T,A408C,C411T,T417C,C420T,C423T,T424C,G426T,T427A,C428G,C429T,A430T,C432G,C435A,C441T,G447A,G453A,A456T,A460T,G461C,C462A,C465T,G477A,A480G,T486A,G492T,C501T,G512T,T514G,G517T,G520A,G521A,A524C,T543G,A544T,A552C,T562C,A564T,C565G,G567C,T570C,T575G,G576A,G583A,C584T,T585G,G589T,T591C,G592T,G593C,G594A,C597T,A599G,C600T,G604A,T606A,C607A,T609G,G610T,A611G,C612T,T613A,G616T,G620A,G629C,C633T,T639A,T641C,G642C,T645C,A646C,G647C,C652A,A654T,G660T,C666T,A669G,A675C,C678T,A684T,C693T,A696G,C699T,G702A,A705G,A708C,T711A,C714A,C717G,T720G,C724T,C726G,G727T,G728C,G729T,C735G,T736G,A738T,G744A,T747A,G751C,T753G,T759C,A763T,G764C,A768G,T772C,G774T,C775T,A789T,A795C,G798C,A801T,T804C,G808T,A809C,T813C,A816C,C819T,A820C,C821T,A825G,G828A,A831T,G840C,A841C,C842A,C843A,G846A,A855T,G861A,T864A,A867G,A870C,C876T,C879T,C885T,A888T,T891A,G894T,T903C,G907C,G909A,A910C,G912A,G921A,A924G,T927C,C937T,G942A,C943T,C951T,C954T,A960G,C961G,C966A,T969A,C970A,A972G,G978A,A980G,A981G,C983T,T984G,A987T,A990C,C991G,T995A,C999T,T1002A,C1003A,G1005C,G1008A,C1011T,G1021A,G1027T,T1029C,A1035C,C1041T,A1044G,A1048G,A1050T,A1055G,C1059T,C1063T,C1066A,A1072C,A1080T,C1089T,A1099T,G1100C,C1101A,G1104A,A1106T,T1107C,C1113T,C1119T,C1120G,A1125T,C1127G,T1128G,A1129T,T1131A,G1134T,G1136A,A1137G,A1140T,A1143T,T1155C,C1159T,T1161G,A1164C,T1165A,A1167C,T1173A,T1180C,G1182C,C1185T,G1188A,C1191T,T1200A,G1201T,A1202C,T1203A,T1206G,T1209A,A1212G,A1215G,C1216G,T1221A,T1227C,C1233A,A1245G,C1246A,G1251A,G1254A,T1257C,T1259C,G1260A,G1266A,G1269A,G1270A,G1272C,A1274C,G1275T,G1284A,A1290G,T1293A,C1297T,C1299A,G1305T,A1309T,G1310C,T1311C,A1314G,A1315T,G1316C,T1323C,T1326G,T1329A,C1332T,A1333G,C1335T,C1339T,T1341G,A1347G,C1350A,A1356T,A1359C,T1362C,T1365C,G1368A,C1380A,G1383A,T1384C,G1386C,T1389C,A1404G,G1407A,T1413C,C1419T,A1420G,T1425C,T1426A,C1427G,C1428T,C1435A,C1437G,G1446A,T1449G,T1452A,G1455C,T1458A,G1459A,T1460C,G1461T,A1464G,G1475A	179-181,202,505-506,525-529,621,625,630-631,1263	0:CGCACCGGGGATCCTAGGCATTTTTGGTTGCGCATATAAGGCTCTGTAAGAACCTTAGAAGGCCTTAGA,209:A,513:AGACA,534:AG,600:G,1257:G,1476:GGCTCCAAGGCCCCCGTGACCCACCACCTCGAATGAGGTGGTGGGTCACGGGGGCATCCTCTTTACAGGATGACCTTTGGGGTTGTGGTTCTAAACACCAAATCTCTGCTCAATACAGGTCTGGGTGTCTTCAGATTGGTGTTGCCCACTGTGGCAGACTCAAACATAAGACAATCAAGAAGTGCACAATGAGGAGTGATTTCCTCTTTGCCTCCACGCTTTTTCTTCTCTACAACTATGCCTGTGTGCATAGTACAAAGGTTCTTATGCTCGTCCCAAATCTGATGCTCAAATTTCCTGGCATCTGCCTTTTGCATGGAGACATCAATCAACTTGATGTCCTTTCTGCCCTGTGAGTCCAGCAACTTCCTGATGTCGTCAATTCCCTGACAAGTCAACACCATGTTCTTGGGGAGGTTCTCTAGCACAGCACTTGTGAGCCCCGGTTGTGTTGAATATAGATCCTGAACATCAATGCCATGAGAATACTTGGCATCCTGTCTAAACTGCTTGATGTCCGTTGGCTCTCTATAAAAGTGGATGTAATGACCACTCGTAGGTTGGTAAATTGCAATTTCAACAGGATCTTCTGGTCGGCCCTCTATGTCCATCCAAGTCTTTGCATTGGGATCCAACTGAAGCATGGAATCTTTGAGCTCCATAAGTTGGGAATAGGTGAGCCCGGCTTTCAAACCTGCAGCCCCTATGGCTTTATTGGAAGGAGGAACTTGTACCTTGCCACTGTTTTCGGTTCCATTTCCACTCACGTCAACCTCGGTGTTGTCCCATGCTCTTCCCAAGATTGATGTTCTGGATGCAATGTAGGGCCATCCTTCCCCGGAGAGACACAACTTGTAAAGTATATTCTCATAAGGGTTCCGATCTCCGGGGGTGTCTGAGATGAACATCCCAATTGAGCGCTTCACCTTTAGGACTGACTTGAGGATACTCTCAATGTTTTTTGGGGACACCTTGATGGTTTCCAGCATATTGCCCCCGTCTAGAAGACTTGCACCTGCTTTGACGGCTGCACTCAGACTAAAGTTGTACCCGGATATGTTGATGGCGCTTTTCTTTCCATCAATAAGTCCCAAGACAGGGTGGGTTTGAGTCAATTTGTCAAGATCAGAGAGATTTGGATACTTTGCAGTGTAAATCAAACCTAGATCTGTCAGTGCTTTCACCACATCATTTAAATCTTCTTGCCCCTGTTTGCATAGACACGCCAAGGTGAGACTTGGAATTGTGCCAAATTGATTGTTTAGAAGGTCTGGATTCTTTACATCCCACACCCTCACTATTCCGTCACCACTCCCAGGTGTCATCCTATTGTTGCTCATCCCAACCATTTGCAAGAGCTGCTTTCTTTGATCTAATTGCTGTTGTGTCAAATTGCCTAGATAAACCCCTCCTGTCAGAGGTCTTTCAGTTCTTTTGATTTTGGCTTTTAACCTTTCGAGATCTGCTGCCAGGATAAGAAGATCATCTGAGGTAAGAGAACCCACCCTGAGAACATTCTTTTGCTGAACTGATTTCAACTCCACCAAGTTGTTTACTGCAAAGTTCAGATCTCTGAGCCTTTTTAGGTCTGTGTCATCTCTCCTTTCCTTTCTCATCAGTCTCTGGATGTTGCTCACCTCAGAGAAATCGAGACCATGAAGAAGAGATTGGGCGTCCTTGATGACTTGGACACGTGTATTTGTACAAAAGCTTGACAACTCCCTTCTGAGGGACTGTGTCCAGAGGAATGATTTGACTTCTTTGGAATTGCTCATGGTTTGATTCACCAATTAGCGCAACCAAATTTC	GPC:69-70,GPC:170-171,GPC:178,GPC:201-207,GPC:210,GPC:420-421	GPC:V14I,GPC:A25T,GPC:V28L,GPC:V31I,GPC:L35I,GPC:F38V,GPC:A39M,GPC:V44I,GPC:V47I,GPC:R55K,GPC:T58S,GPC:T59K,GPC:S60I,GPC:G64D,GPC:V65N,GPC:E72D,GPC:N74D,GPC:E76S,GPC:T77G,GPC:M80A,GPC:T87S,GPC:M96Q,GPC:G98F,GPC:E100T,GPC:T101S,GPC:T110D,GPC:N114T,GPC:F117Y,GPC:A132T,GPC:L133M,GPC:S135A,GPC:I144L,GPC:Y172T,GPC:A173D,GPC:G174S,GPC:D175K,GPC:T182S,GPC:Q189D,GPC:M192R,GPC:A195M,GPC:G197C,GPC:G198S,GPC:Y200C,GPC:M214T,GPC:S216P,GPC:Q218N,GPC:E228D,GPC:I239M,GPC:G243S,GPC:S246A,GPC:D251Q,GPC:E270S,GPC:K272N,GPC:T274L,GPC:T281Q,GPC:E303Q,GPC:K304Q,GPC:Q321E,GPC:Q324K,GPC:K327R,GPC:A328V,GPC:E329D,GPC:Q331E,GPC:M332K,GPC:Q335N,GPC:V341I,GPC:A343S,GPC:I350V,GPC:K352R,GPC:I358L,GPC:Y369F,GPC:H374D,GPC:T376R,GPC:T377S,GPC:R379K,GPC:S389T,GPC:D401S,GPC:D402E,GPC:Q406E,GPC:Q416K,GPC:G424S,GPC:K425T,GPC:I445V,GPC:S462P,GPC:I474V,GPC:L479M,GPC:V487T	GPC:L61-,GPC:L68-,GPC:S169-,GPC:A176-,GPC:A177-,GPC:N209-,GPC:D211-		A13G,A33G,C42A,A51G,C78G,A79T,G80C,G87A,T142A,C153G,A156G,C182T,A204T,A213G,T234C,T250C,A252C,C285A,A294C,T307C,G312A,A321G,T327C,G348A,T360G,T372C,T381C,T393C,T504G,C507T,T513C,A522G,T531C,C537T,A547G,C558T,T561G,A603T,C615A,A618C,A619C,G624C,G626A,C636T,C648T,C651T,T658C,C672T,C703A,A732C,G750A,C756T,C762T,C766A,T777A,G780C,T783A,T786C,T868C,G873A,G897A,A939G,G971A,C976T,A982G,G993A,C1006T,T1014C,G1023A,C1026T,C1030T,G1047T,A1068G,T1071C,T1086A,C1092T,A1116C,G1126A,T1144C,A1149C,G1151A,C1176A,T1179C,T1194C,A1236T,A1239G,C1240A,A1248G,C1281A,G1287T,T1296C,C1317T,T1320C,G1372A,C1374T,A1375G,T1392C,A1398T,C1405T,C1410T,A1422T,T1434A,A1470G		A9G,C12T,A15T,C24T,G40A,G69A,T72A,G73A,C76T,T84C,A90C,A93C,C94T,A99G,G102C,C105A,C108T,T114A,G115A,C116T,T117G,C126A,C127T,C129G,T130A,T136C,G138A,G139A,G141T,C150A,G164A,A168C,C176A,T183A,G191A,T192C,G193A,T194A,T195C,A207T,A208G,G216C,A219G,G226T,A228T,A229G,A238G,T239C,A243T,T255A,C258T,A259T,C267T,C270T,T279C,A286C,T287A,C291T,G292T,G293T,T297C,G298A,A299C,G300A,C302G,C306G,A328G,C329A,A330C,A331T,G332C,T336A,C339A,A341C,T350A,C358T,A369T,A375G,G378A,C382T,T384A,G394A,T397A,A399G,A403G,G404C,C411T,C420T,C423T,T424C,G426T,T427A,C428G,A430T,T432G,G447A,A456T,A460T,G461C,T462A,C501T,C512T,T514G,G517T,G520A,T521A,A524C,A544T,C565G,G567C,T570C,T575G,G576A,G583A,C584T,T585G,G589T,T591C,G592T,G593C,C594A,A599G,C600T,G604A,C607A,T609G,G610T,A611G,T613A,G616T,G629C,T641C,G642C,T646C,C652A,A654T,G660T,C666T,A669G,A684T,C693T,T702A,C705G,A708C,C711A,C714A,C717G,T720G,C724T,G727T,G728C,G729T,T736G,A738T,G744A,C747A,G751C,C753G,A763T,G764C,A768G,C775T,T795C,T804C,G808T,A809C,T813C,T816C,A819T,A820C,C821T,T828A,G831T,A840C,A841C,C842A,G855T,G861A,C864A,G870C,C876T,C885T,A888T,G907C,A910C,T927C,C951T,A960G,C961G,T966A,G978A,A980G,C983T,A984G,A987T,A990C,C991G,T995A,C1002A,C1003A,A1005C,G1008A,A1011T,G1021A,G1027T,A1029C,C1041T,A1048G,C1050T,A1055G,A1072C,A1080T,A1099T,G1100C,C1101A,G1104A,A1106T,T1107C,C1120G,T1127G,A1128G,A1129T,G1134T,A1140T,G1143T,C1159T,T1161G,G1164C,T1165A,A1167C,T1173A,A1182C,A1191T,T1200A,G1201T,A1202C,T1203A,C1206G,T1209A,A1212G,A1215G,C1216G,C1246A,G1251A,G1254A,T1259C,G1260A,G1266A,G1270A,G1272C,A1274C,G1275T,A1290G,C1297T,T1299A,C1305T,A1309T,G1310C,C1314G,A1315T,G1316C,T1323C,T1326G,T1329A,C1332T,A1333G,C1335T,C1339T,C1341G,T1350A,C1356T,A1359C,G1380A,A1404G,C1407A,C1419T,A1420G,T1426A,C1427G,A1428T,C1435A,T1446A,T1449G,T1452A,G1455C,G1459A,T1460C	103	0	287	390		NODE_0000245	G6A,A12T,A13G,A15T,C18A,A27G,G40A,C42A,G69A,T72A,G73A,A75T,C76T,C78G,A79T,G80C,T81C,T85C,G87A,A90C,A93C,C94T,A102C,T105A,C108T,T114A,G115A,C116T,C117G,T120C,C127T,C129G,T130A,G135A,G138A,C141T,T142A,T150A,T153G,C154T,G164A,A168C,C171T,C176A,C182T,C183A,G191A,T192C,G193A,T194A,A204T,A207T,A208G,G216C,G226T,A228T,A229G,A230G,T234C,A238G,T239C,A243T,T250C,A252C,C255A,A259T,C267T,C270T,A271T,G272C,T273C,T276C,T279C,C285A,A286C,T287A,G292T,G293T,G294C,T297C,G298A,A299C,G300A,C302G,A303T,C306G,G312A,C318T,T319C,C324A,A328G,C329A,A330C,A331T,G332C,C333T,C336A,C339A,A341C,G348A,T350A,C358T,T360G,G378A,T381C,C382T,T384A,T393C,G394A,T397A,A403G,G404C,C405T,C411T,T417C,C420T,C423T,G426T,T427A,C428G,C429T,A430T,T432G,C441T,G447A,G453A,A456T,A460T,G461C,T462A,C468T,C471T,G492T,C501T,C504G,T510C,C512T,T513C,T514G,G517T,G520A,T521A,A524C,C537T,A544T,A552C,C561G,G564T,C565G,G567C,C573T,T575G,G576A,G583A,C584T,T585G,G589T,T591C,G592T,G593C,C594A,A599G,C600T,A603T,G604A,C607A,T609G,G610T,A611G,C612T,T613A,T615A,G616T,A618C,A619C,G624C,G629C,T641C,G642C,T645C,T646C,C652A,A654T,C657T,G660T,A669G,C672T,C678T,A684T,C693T,C702A,C703A,T705G,A708C,T711A,T714A,T717G,T720G,C724T,T726G,G727T,G728C,A729T,A732C,T736G,A738T,G741A,C747A,G751C,C753G,T759C,C762T,A763T,G764C,C766A,A768G,C775T,C777A,A780C,T783A,C789T,T795C,G808T,A809C,T816C,G819T,G820C,C821T,T825G,T828A,G831T,C834T,G840C,A841C,C842A,T843A,A855T,T864A,A867G,G870C,G873A,C876T,C885T,A888T,C891A,A892G,C894T,G907C,G909A,A910C,G921A,A924G,G942A,C943T,C951T,C954T,A960G,C961G,C966A,C976T,G978A,A980G,A981G,A982G,C983T,A984G,G987T,A990C,C991G,G993A,T995A,C999T,C1002A,C1003A,G1005C,C1006T,G1008A,A1011T,G1021A,C1023A,G1027T,A1029C,C1030T,A1032G,C1041T,T1045C,G1047T,A1048G,C1050T,A1055G,G1065A,A1072C,C1080T,T1086A,C1089T,C1092T,A1099T,G1100C,T1101A,A1106T,A1116C,C1119T,C1120G,G1126A,T1127G,A1128G,A1129T,G1134T,A1137G,A1140T,A1143T,A1146G,A1149C,C1159T,T1161G,T1164C,T1165A,A1167C,G1173A,T1176A,A1182C,G1188A,A1191T,T1200A,G1201T,A1202C,T1203A,C1206G,T1209A,A1212G,A1215G,C1216G,A1236T,A1239G,C1243T,C1246A,A1248G,G1251A,G1254A,T1259C,G1260A,G1266A,G1270A,G1272C,A1274C,A1275T,T1281A,G1287T,T1288C,A1290G,G1293A,T1296C,C1297T,T1299A,C1305T,T1308C,A1309T,G1310C,T1314G,A1315T,G1316C,C1317T,T1320C,T1323C,T1326G,C1332T,A1333G,C1335T,C1339T,C1341G,T1345C,A1347G,C1350A,G1353A,A1359C,T1365C,G1368A,C1371T,T1377A,G1380A,T1386C,G1395A,A1398T,A1404G,C1405T,C1407A,C1410T,C1419T,A1420G,T1426A,C1427G,A1428T,T1434A,C1435A,T1449G,T1452A,G1455C,G1459A,T1460C,G1476A	181,202,505-506,525-529,621,625,630-631,1263	GPC:I5V,GPC:V14I,GPC:A25T,GPC:A39M,GPC:F44I,GPC:S48T,GPC:R55K,GPC:T59K,GPC:-60I,GPC:G64D,GPC:V65N,GPC:E72D,GPC:A76S,GPC:N77G,GPC:M80A,GPC:T87S,GPC:M96Q,GPC:G98F,GPC:E100T,GPC:T101S,GPC:T110D,GPC:N114T,GPC:F117Y,GPC:A132T,GPC:L133M,GPC:S135A,GPC:I144L,GPC:Y172T,GPC:A173D,GPC:V174S,GPC:D175K,GPC:T182S,GPC:Q189D,GPC:M192R,GPC:A195M,GPC:G197C,GPC:G198S,GPC:Y200C,GPC:M214T,GPC:S216P,GPC:Q218N,GPC:E228D,GPC:I239M,GPC:G243S,GPC:S246A,GPC:D251Q,GPC:E270S,GPC:E273D,GPC:A274L,GPC:T281Q,GPC:I298V,GPC:E303Q,GPC:K304Q,GPC:Q321E,GPC:K327R,GPC:T328V,GPC:E329D,GPC:Q331E,GPC:M332K,GPC:Q335N,GPC:V341I,GPC:A343S,GPC:I350V,GPC:K352R,GPC:I358L,GPC:Y369F,GPC:H374D,GPC:V376R,GPC:T377S,GPC:S389T,GPC:D401S,GPC:D402E,GPC:Q406E,GPC:Q416K,GPC:G424S,GPC:K425T,GPC:I445V,GPC:I474V,GPC:L479M,GPC:V487T	GPC:T61-,GPC:L68-,GPC:S169-,GPC:A176-,GPC:A177-,GPC:N209-,GPC:D211-	GPC:69-70,GPC:170-171,GPC:178,GPC:201-207,GPC:210,GPC:420-421		24	0	good	0	4	0	good	0	12	394	3283.333333	bad	398	9-1469:390	50	mediocre	390	GPC:69-70,GPC:170-171,GPC:178,GPC:201-207,GPC:210,GPC:420-421	6		0	450	bad		0	0	good	0				
15	NC_026246.1 |Mammarenavirus gairoense	LVII	111517.361111	bad	427	8	1877	2	0	5	84	3	1	16	4725	1	1476	0.9966124661246613	false	A6G,A12T,G13A,G15A,C24T,T36A,T39C,G40A,A42C,A45T,T66G,C69G,T72C,G73A,A75C,C76T,T81C,G82A,A87G,A90T,G91C,G93C,A99G,T102C,C103A,G105C,T112G,A117C,C119G,G120C,T123C,C126A,C127A,T129A,G130A,T132A,T135G,T136C,G138T,G139C,T144C,C148T,C150G,C151T,G153C,T154C,G156C,T162G,G165A,T168C,A172T,A174T,A175C,C176T,T183G,A185T,T186C,G192C,G193A,T194A,G201A,T204G,C205A,G207A,A208C,C209A,C211T,G213A,A219G,A220G,C222T,G226A,A227G,G228T,C230T,A231G,C232T,C234G,T237C,A238T,T239C,C243A,T249C,C255T,C258T,A259T,G264A,A271T,G272C,T276C,T282C,A285T,A286C,T287A,G292T,G293C,A299T,A303T,A306G,C307T,A312G,C313T,G315A,C318T,T319C,G321T,C324A,G330C,T336A,A340G,A341G,C345T,A348G,C354T,T357C,C358T,T363A,C369A,A375G,C382T,C384A,G394T,T396C,C397A,T399G,A403G,G404C,C405A,T417A,C423T,T427A,C428G,C429T,C432T,C435T,T444C,G447A,T450C,G453A,C462T,C465T,T468C,T471C,G477C,A480G,G483A,T486A,G504C,C510T,A511G,C513A,T514A,A515C,T516A,C518A,T519C,G520A,G521A,G522T,A524C,G529A,C530G,C531G,A532G,T543C,A544T,T546A,G559A,G561A,T562C,A564T,C565G,G567C,T570C,A574C,T575A,G576A,G583C,C584A,T585C,G589T,G592A,G594C,G596T,C597G,A599G,C600A,T603A,G604C,C605A,T606A,T608G,A611T,C612A,T613C,C614A,A615T,G617C,T621G,G622A,T628A,T639A,T641C,G642A,T645C,A646C,G647C,T648G,T657C,G660C,A661C,A663T,C666T,T672C,A684G,T687C,C690T,C693T,A696G,T697A,C699G,G702A,A705G,T711G,C714A,C717T,T723C,G727T,G728C,G729T,C733T,C735G,T736G,A738T,G744A,T747A,A750G,G751C,T753A,T756A,A763T,G764C,T765A,G774A,A777T,C780A,A783C,A789T,A795C,G798A,A801T,T804C,T807A,G808A,A809C,A816T,A820C,C821T,A822C,A831G,G840C,A841C,C842A,C843A,A844C,G846A,G861A,C868T,C879T,C885T,A888T,G894A,T903C,G907C,G909A,A910C,T927C,C933T,C937T,G939A,G945T,C951T,C954T,A960T,C961G,C966A,T969C,C970A,G975A,T984A,A987T,A990T,C991G,T995A,T1002C,C1003A,G1005T,T1006C,C1011A,A1013C,A1017G,A1020T,A1023T,G1027T,G1032A,A1035C,A1044G,T1047C,G1056A,C1059T,A1065T,C1066A,G1068A,A1080G,A1086T,C1098T,A1099T,G1100C,A1106T,C1113T,C1116G,C1119T,C1120G,C1127G,T1128A,G1134C,G1136A,A1143G,C1149G,C1159A,T1161G,A1164C,T1165A,T1173C,T1174A,C1175G,A1176C,T1180C,C1185T,A1189T,C1191A,T1197C,T1200A,G1201T,A1202C,T1203A,T1206G,C1216G,T1227C,T1236A,G1239A,A1245G,C1246A,A1247G,G1254A,A1258G,T1259A,G1260A,G1261A,G1263A,G1266A,G1269A,G1272C,A1274C,G1275A,T1282C,G1284T,T1287G,T1293G,C1296T,C1297A,C1299A,G1305C,C1308T,A1309T,G1310C,T1311A,A1315T,G1316C,T1317C,C1320T,T1326G,T1329A,C1332T,A1333G,C1335G,C1339T,T1341A,C1344T,A1347G,G1348A,C1350T,A1353G,A1359C,G1368A,T1371C,T1374A,A1377C,C1380A,G1383A,T1384C,G1386A,T1389C,C1392A,T1398C,T1405C,T1410C,T1413C,C1419T,A1420G,T1422A,T1425C,T1426A,C1427G,C1428T,T1431C,A1434G,C1435T,C1437A,A1443G,T1449C,T1452A,G1455T,G1459A,T1460C,G1461C,A1464G	179-181,625-626,631-633	0:CAGTGGATCCTAGGCATTTTTGGTTGCGCTAATAGAAAGTCTTGCATAGTGAGACTTACAACT,591:TC,1474:A,1476:CCCACGAGGCCCCCGTGACCCACCACCTCATGTGAGGTGGTGGGTCACGGGGGCATTCCGTCTACAGAATGACTCTTGGTGCAGATGTTCTAAACACAAGATCTCTACTTAGGACAGGTCTTGGGGTGTTGATGTCCACGCTGTTCTTAATGGCAGATTCGAACATTAGGCAGTCTAGCAGTGCACAGTGTGGAGTAATCTCTTCCTTGCCCCCTCGTTTCTTCTTCTCAACCACTATGCCAGTGTGCATTGAACAAAGACCTTTGTATTCATCCCAAATCTGGTGCTCAAATTTTCTAGAGTCAGCCTTCTGCATTGAAACATCAATTAGTTTGATGTCTCTTCTTCCTTGTGAATCCAAAAGCTTCTTGATGTCATCGGCTCCCTGACACGTGAGGACCATGTTTCTAGGGAGGTTTTCCAAAACAGCACTAGTCAGTCCTGGTTGAGTGGAAAAAAGATCCTGAATGTCTATCCCATGTGAGTATTTTGCATCTTGCCTAAACTGTTTGATGTCGGTTGGCTCTCTGTAAAAGTGAACGTAACTACCACTCAATGGCTGATAAATGGCTATTTCCACTGGGTCTTCTGGCCTTCCCTCAATATCAATCCAAGTCTTTGCATTTGGGTCAAGTTGCATCATTGAATCCTTCAGCTCCATCATCTGAGAGTAGGTCAGCCCTGCACTCAAGCCCAATGCCCCGGCAGCCTTGTTGGAGGGGGGAGGAGGGAGGGTCTTGCTGTCTGCGATTGGAGCATTACCACTCAGATCAACTTGAGTGTTGTCCCAGGCCCTGCCCATGATCGAGGTCCTGGATGCAATGTATGGCCAACCCTCACCTGAGAGACAAACCTTATATAGGATATTCTCGTAGGGGTTTCTGTCACCCGGGGTGTCTGAAATAAACATCCCAATGGATCTCTTTACTTTCAGGATGGATTTGAGGATGTTATCCATGTTTTTTGGAGTTACCCTGATGGTTTCTAACATGTTCCCACCATCCAAAAGGCTTGCACCTGCTTTCACTGCAGCATTTAGACTGAAGTTGTATCCTGAAATGTTGATGGCACTCTTCTTGCCATCAATGAGACCCAAGACAGGATGAGTTTGAGTCAGTTTGTCCAGGTCAGAGAGGTTGGGGTACTTTGCTGTGTAGACCAACCCTAAGTCCGTCAATGCTTTGACCACATCATTAAGATCTTCCTGGCCTTGTTTGCATAGACAGGCAAGTGTTAGGCTTGGTATTGTTCCAAACTGATTGTTGAGAAGATCGGGGTTCTTTACATCCCAAACTCTAACAATCCCATCTCCGTTCCCAATGGAGGTTCTGCCACCATTCATTCCGACCAATTGTAACAGGGCCTTCCTTTGGTCTAACTGTTGTTGTGTCAAATTTCCCAGATAGACACCCCCAGTGAGGGGCCTCTCAGTTCTCCTCACTTTGGCTTTCAGCCTGTCTAAGTCTGCTGCAAGAACCAGCAAGTCATCTGAGGTCAGGGAACCAACTTTAAGAATGCTCTTTTGCTGCACAGATTTCAATTCCACAAGATTGTTGACAGCCTGATTCAGATCTCTGAGCCTTTTCAGGTCTGAATCATCTCTTTTCTCCTTCCTCATCAGCCTTTGAATGTTGTTGACTTCGGAGAAGTCTAGGCCATGTAGGAGTGACTGAGCATCCTTTATCACCTGAACACGCGTGTTGGTGCAATACCCAGACAGTTCTCTTCTCAGGGACTGTGTCCATAAGAAGGACTTGACCTCTTTTGAATTGCTCATGGTTGTGTTTCCCAATAAGCGCAGCCAATTTCGC	GPC:198-208,GPC:empty range	GPC:V5I,GPC:V14I,GPC:A25T,GPC:V28I,GPC:V31L,GPC:L35I,GPC:F38V,GPC:T40S,GPC:L43I,GPC:V44I,GPC:V47L,GPC:L51F,GPC:Y62M,GPC:V65N,GPC:Q69K,GPC:T70H,GPC:N74D,GPC:E76S,GPC:T77M,GPC:M80S,GPC:T87S,GPC:M96Q,GPC:G98S,GPC:E100V,GPC:N114G,GPC:A132S,GPC:L133M,GPC:S135A,GPC:S171G,GPC:Y172T,GPC:A173D,GPC:G174N,GPC:D175A,GPC:A177R,GPC:N178D,GPC:T182S,GPC:V187I,GPC:Q189D,GPC:M192Q,GPC:A195H,GPC:G197C,GPC:D211R,GPC:M214T,GPC:S216P,GPC:I221L,GPC:F233M,GPC:G243S,GPC:S246A,GPC:D251Q,GPC:E270T,GPC:K272N,GPC:T274L,GPC:T281Q,GPC:E303Q,GPC:K304Q,GPC:K320N,GPC:Q321E,GPC:Q324K,GPC:E329D,GPC:Q331E,GPC:M332K,GPC:Q335N,GPC:N338T,GPC:A343S,GPC:Y369F,GPC:H374D,GPC:T376R,GPC:R379K,GPC:L387M,GPC:S389T,GPC:T397S,GPC:D401S,GPC:D402E,GPC:Q406E,GPC:Q416R,GPC:M420E,GPC:E421K,GPC:K425T,GPC:L433I,GPC:I445V,GPC:V450I,GPC:S462P,GPC:I474V,GPC:V487T	GPC:T58-,GPC:T59-,GPC:N209-	GPC:62:F	G9A,C18A,A27G,G48A,C78G,C84A,T85C,C111T,G177C,C182T,A195T,C210T,G216A,A252C,G309A,A339T,C351T,T381C,C408A,C414A,C424T,A495G,C512G,T528A,A534C,C537T,C573T,A618C,A619C,A620G,G624C,A678C,G720T,T726C,T732C,A762T,G768A,G771A,C772T,G810A,C813T,G819C,T828G,C834T,T838C,G870A,G873A,A912G,G972A,C976T,G993A,A1008G,T1014C,C1030T,T1041C,T1045C,C1050A,T1063C,C1092T,T1101C,A1104G,C1107T,T1125A,A1131T,A1146G,C1155T,C1167A,A1182G,A1233C,C1243T,A1248G,C1257T,T1281A,G1290A,T1345C,C1362T,A1458T,G1463A,A1475G		A12T,G13A,G15A,T36A,T39C,G40A,T42C,A45T,T66G,T72C,G73A,A75C,C76T,T81C,C82A,A90T,A91C,A102C,C103A,G105C,C119G,A120C,T123C,G126A,C129A,T132A,G138T,G139C,C148T,T150G,G156C,A162G,T168C,A174T,C183G,A185T,G193A,G194A,G201A,A204G,C205A,A208C,C209A,G213A,A219G,A220G,C222T,G226A,A227G,G228T,C230T,C231G,C232T,A234G,A238T,T239C,C243A,C255T,C258T,A259T,G264A,A271T,G272C,C285T,A286C,G287A,G292T,G293C,A299T,C306G,C307T,C313T,G315A,G321T,C324A,T336A,A340G,A341G,C345T,A348G,C354T,C358T,T363A,T369A,A375G,C382T,T384A,G394T,T396C,C397A,C399G,A403G,G404C,C405A,T427A,C428G,C429T,A435T,T444C,G447A,T450C,G453A,A477C,C486A,A511G,T513A,T514A,A515C,T516A,C518A,T519C,G520A,G521A,G522T,A524C,G529A,C530G,C531G,A532G,G543C,A544T,G559A,G561A,G564T,C565G,G567C,A570C,A574C,T575A,G576A,G583C,C584A,T585C,G589T,G592A,A594C,G596T,T597G,A599G,C600A,T603A,G604C,C605A,T608G,A611T,C612A,T613C,C614A,A615T,G617C,G622A,T628A,T641C,G642A,A646C,G647C,T648G,G660C,A661C,C663T,C666T,A684G,C690T,C693T,T697A,C699G,A705G,T711G,T714A,T723C,G727T,G728C,C729T,C733T,T736G,A738T,C747A,A750G,G751C,C753A,T756A,A763T,G764C,T765A,G774A,G777T,T783C,C789T,A795C,G798A,A801T,T807A,G808A,A809C,A820C,C821T,A822C,T831G,A840C,A841C,C842A,C843A,A844C,G846A,G861A,C868T,C885T,A888T,G894A,G907C,G909A,A910C,C933T,G939A,G945T,C951T,C954T,G960T,C961G,T969C,C970A,G975A,G987T,C990T,C991G,T995A,C1003A,G1005T,T1006C,A1013C,A1017G,A1020T,C1023T,G1027T,A1035C,G1047C,G1056A,C1059T,G1065T,G1068A,C1080G,A1086T,C1098T,A1099T,G1100C,A1106T,C1113T,C1116G,C1120G,C1127G,C1128A,G1134C,G1136A,A1143G,A1149G,C1159A,T1161G,T1164C,T1165A,G1173C,T1174A,C1175G,T1176C,A1189T,C1191A,G1201T,A1202C,T1203A,T1206G,C1216G,G1239A,T1245G,C1246A,A1247G,A1258G,T1259A,T1260A,G1261A,T1263A,G1272C,A1274C,T1282C,A1284T,A1287G,T1293G,C1296T,C1297A,T1299A,C1308T,A1309T,G1310C,C1311A,A1315T,G1316C,T1329A,C1332T,A1333G,T1335G,C1339T,A1347G,G1348A,C1350T,G1368A,T1377C,G1380A,C1392A,A1398C,G1419T,A1420G,C1422A,T1426A,C1427G,T1431C,A1434G,C1435T,G1437A,A1443G,T1449C,T1452A,C1455T,A1461C,A1464G	79	0	322	401		NODE_0000004	G9A,A12T,G13A,G15A,C18A,A27G,T36A,T39C,G40A,T42C,A45T,G48A,T66G,T72C,G73A,A75C,C76T,C78G,T81C,C82A,C84A,T85C,A90T,A91C,A102C,C103A,G105C,C111T,C119G,A120C,T123C,G126A,C129A,T132A,G138T,G139C,C148T,T150G,G156C,A162G,T168C,A174T,G177C,C182T,C183G,A185T,G193A,G194A,A195T,G201A,A204G,C205A,A208C,C209A,C210T,G213A,G216A,A219G,A220G,C222T,G226A,A227G,G228T,C230T,C231G,C232T,A234G,A238T,T239C,C243A,A252C,C255T,C258T,A259T,G264A,A271T,G272C,C285T,A286C,G287A,G292T,G293C,A299T,C306G,C307T,G309A,C313T,G315A,G321T,C324A,T336A,A339T,A340G,A341G,C345T,A348G,C351T,C354T,C358T,T363A,T369A,A375G,T381C,C382T,T384A,G394T,T396C,C397A,C399G,A403G,G404C,C405A,C408A,C414A,C424T,T427A,C428G,C429T,A435T,T444C,G447A,T450C,G453A,A477C,C486A,A495G,A511G,C512G,T513A,T514A,A515C,T516A,C518A,T519C,G520A,G521A,G522T,A524C,T528A,G529A,C530G,C531G,A532G,A534C,C537T,G543C,A544T,G559A,G561A,G564T,C565G,G567C,A570C,C573T,A574C,T575A,G576A,G583C,C584A,T585C,G589T,G592A,A594C,G596T,T597G,A599G,C600A,T603A,G604C,C605A,T608G,A611T,C612A,T613C,C614A,A615T,G617C,A618C,A619C,A620G,G622A,G624C,T628A,T641C,G642A,A646C,G647C,T648G,G660C,A661C,C663T,C666T,A678C,A684G,C690T,C693T,T697A,C699G,A705G,T711G,T714A,G720T,T723C,T726C,G727T,G728C,C729T,T732C,C733T,T736G,A738T,C747A,A750G,G751C,C753A,T756A,A762T,A763T,G764C,T765A,G768A,G771A,C772T,G774A,G777T,T783C,C789T,A795C,G798A,A801T,T807A,G808A,A809C,G810A,C813T,G819C,A820C,C821T,A822C,T828G,T831G,C834T,T838C,A840C,A841C,C842A,C843A,A844C,G846A,G861A,C868T,G870A,G873A,C885T,A888T,G894A,G907C,G909A,A910C,A912G,C933T,G939A,G945T,C951T,C954T,G960T,C961G,T969C,C970A,G972A,G975A,C976T,G987T,C990T,C991G,G993A,T995A,C1003A,G1005T,T1006C,A1008G,A1013C,T1014C,A1017G,A1020T,C1023T,G1027T,C1030T,A1035C,T1041C,T1045C,G1047C,C1050A,G1056A,C1059T,T1063C,G1065T,G1068A,C1080G,A1086T,C1092T,C1098T,A1099T,G1100C,T1101C,A1104G,A1106T,C1107T,C1113T,C1116G,C1120G,T1125A,C1127G,C1128A,A1131T,G1134C,G1136A,A1143G,A1146G,A1149G,C1155T,C1159A,T1161G,T1164C,T1165A,C1167A,G1173C,T1174A,C1175G,T1176C,A1182G,A1189T,C1191A,G1201T,A1202C,T1203A,T1206G,C1216G,A1233C,G1239A,C1243T,T1245G,C1246A,A1247G,A1248G,C1257T,A1258G,T1259A,T1260A,G1261A,T1263A,G1272C,A1274C,T1281A,T1282C,A1284T,A1287G,G1290A,T1293G,C1296T,C1297A,T1299A,C1308T,A1309T,G1310C,C1311A,A1315T,G1316C,T1329A,C1332T,A1333G,T1335G,C1339T,T1345C,A1347G,G1348A,C1350T,C1362T,G1368A,T1377C,G1380A,C1392A,A1398C,G1419T,A1420G,C1422A,T1426A,C1427G,T1431C,A1434G,C1435T,G1437A,A1443G,T1449C,T1452A,C1455T,A1458T,A1461C,G1463A,A1464G,A1475G	181,625-626,631-633	GPC:V5I,GPC:V14I,GPC:A25T,GPC:L28I,GPC:I31L,GPC:L35I,GPC:T40S,GPC:V47L,GPC:-60S,GPC:T61L,GPC:Y62M,GPC:G65N,GPC:Q69K,GPC:T70H,GPC:N74D,GPC:E76S,GPC:T77M,GPC:M80S,GPC:T87S,GPC:R96Q,GPC:G98S,GPC:E100V,GPC:N114G,GPC:A132S,GPC:L133M,GPC:S135A,GPC:T171G,GPC:Y172T,GPC:A173D,GPC:G174N,GPC:D175A,GPC:A177R,GPC:K178D,GPC:T182S,GPC:V187I,GPC:Q189D,GPC:M192Q,GPC:A195H,GPC:G197C,GPC:D211R,GPC:M214T,GPC:S216P,GPC:I221L,GPC:F233M,GPC:G243S,GPC:S246A,GPC:D251Q,GPC:E270T,GPC:E273D,GPC:T274L,GPC:T281Q,GPC:E303Q,GPC:K304Q,GPC:K320N,GPC:Q321E,GPC:Q324K,GPC:E329D,GPC:Q331E,GPC:M332K,GPC:Q335N,GPC:N338T,GPC:A343S,GPC:Y369F,GPC:H374D,GPC:T376R,GPC:R379K,GPC:L387M,GPC:S389T,GPC:T397S,GPC:D401S,GPC:D402E,GPC:Q406E,GPC:Q416R,GPC:I420E,GPC:D421K,GPC:K425T,GPC:L433I,GPC:I445V,GPC:V450I,GPC:I474V,GPC:R488K	GPC:S58-,GPC:L59-,GPC:N209-	GPC:90,GPC:198-208,GPC:210,GPC:307,GPC:350,GPC:492	Y:67,M:261,M:268,R:920,Y:1049	24	0	good	0	4	125	bad	5	12	400	3333.333333	bad	404	9-1474:401	50	mediocre	401	GPC:198-208,GPC:empty range	2		0	150	bad		0	0	good	0				
34	NC_007905.1 |Mammarenavirus ippyense	LIII	128806.250000	bad	434	12	1902	7	0	0	107	8	1	26	4531	1	1476	1	false	A9G,G13A,G15A,A18C,C24T,T39C,G40A,A42T,A48G,G51A,G54C,C69G,T72C,G73A,A75C,G78A,T81C,G82C,A84C,C85T,A87G,A90T,G91A,G93C,C94T,A99G,C103G,T112G,T114C,G115A,C116T,A117G,G120T,C126T,T129G,G130A,T135A,G139A,C141T,A142T,T144C,C147T,C151T,G153A,T154C,T162G,G164A,T168C,A172T,A174T,C177T,G179A,T186C,A189G,G191A,G192C,G193A,T194C,T195A,G201A,A206T,G207C,C209T,T210C,G213T,A219T,A220G,A223C,G225C,A227T,G228C,T237C,C243A,A244T,T249C,C250A,C252G,C260G,A261C,A262C,A263G,G264A,A271T,G272C,T273A,T276C,T279C,A283G,A285C,A286T,G288C,G289T,T297C,A299G,G300A,A301T,A303T,A306C,C307T,A312G,C313A,C318A,G321C,C324T,A328G,C329A,G330T,A331T,G332C,C333A,A334C,A337C,T342C,T351C,G360T,T363A,T366C,C372T,C381T,C384T,T387C,C390T,C393T,T396G,T399A,A403G,A408T,A409G,T412A,C429A,C435G,G447A,T450C,G453A,A460G,G461C,C465T,T468C,T471C,G477A,A480G,G483T,T489C,G490A,G492T,G495A,C502T,T507C,G512A,C513T,T514G,G517C,C518G,T519A,G520A,G521C,G522A,G529A,C530T,C531G,T537C,T543C,T549A,A552T,G561A,T562C,A564G,C565G,G567T,A568G,A574T,T575A,G576T,A580T,G582C,G583C,C584A,T591C,G592A,G594A,G596C,T603C,A611C,T613A,C614A,G616T,C618G,T621A,G622C,C624G,A625C,G635C,A637G,T645A,C652A,A654G,T657C,A661G,A663T,T672C,C674T,A675T,C677G,A683C,A684T,C690T,C693T,T697A,C699G,G702A,T709A,C717T,T720C,A722T,C724G,T725C,C726T,G727A,G729C,C730A,C732T,C735G,T736A,C737G,A738C,A742C,C746T,A750G,G751A,A752G,T753C,T759C,A763T,G764C,T765A,A769C,T772C,C775A,A777G,G778A,A789T,A793T,A795T,G798A,A801C,T804C,T805A,C806G,G808T,A809C,A815C,A816T,C819G,C821A,A822T,G828T,A831C,G840C,G846A,A855T,A856T,A860C,A867C,C868T,A870G,C879T,G882A,T891C,G892A,G894T,A897C,T906C,G907C,A908T,G912T,G921A,A924G,T927C,T930C,C937T,G945T,T946A,A960G,A967T,T969G,C970A,G974C,G975A,G978C,G982T,T984G,A987G,C989T,A990T,C991A,A993C,A997G,G998T,T1002A,G1005A,T1006C,G1008A,C1011T,A1013C,C1014A,A1017G,A1020G,G1021A,A1023T,T1029C,A1035C,T1047C,A1050T,C1059T,T1062C,C1063T,C1066A,A1072C,C1074A,A1080T,T1083C,A1086T,C1089T,T1092C,C1098T,A1099T,G1100C,C1101A,G1104A,A1106T,T1107C,C1113T,C1116A,C1119T,C1120G,C1127G,T1128A,T1131A,G1134T,A1138G,C1139T,A1140C,A1143T,C1149T,A1152G,T1155C,C1159A,T1161G,T1170C,T1173G,T1174A,A1176C,C1179T,T1180C,G1182A,C1185T,C1191T,C1194T,T1206G,A1215G,C1216G,T1221A,T1236A,G1239A,A1245G,C1246A,A1247G,G1248A,G1251A,A1258C,T1259A,G1260A,G1263A,G1266A,G1269A,A1278C,C1296T,C1299T,G1303A,G1305T,C1308T,T1311C,T1317C,C1320T,C1324T,T1325C,T1326A,T1329C,G1331C,C1332A,A1333G,C1335G,T1341C,C1344T,A1347C,G1348A,C1350A,A1353G,A1356T,T1362G,T1365C,G1368A,T1371C,T1374C,A1377G,C1385G,A1395G,T1398A,T1405C,G1407A,T1410C,C1411A,A1412G,T1415G,G1416A,G1418C,C1419A,T1422C,T1425C,A1434T,C1435G,T1436C,C1440T,T1449G,T1452A,G1453C,G1455A,T1458C,G1459A,T1460C,G1461C,A1464G,A1471C,A1473C	175,183-184,199,226,291-293,1000,1162-1163,1384	0:CGCACAGTGGATCCTAGGCATTTTGGTTGCGCTTATTTCTTGTCCAATT,211:A,231:C,594:AATATA,607:AG,630:CAGATG,633:AT,642:CC,993:C,1167:GC,1379:A,1476:TCTCCACAGGGGCCCCCGTGACCCACCGCCGAAAGGCGGTGGGTCACGGGGGTGCCACTTACAGGGCAACCTTCTCTGTCACTGCTCTAAAGACCATGTCTCTGGGCAACACAGCCCTGATGGAACCCGGGCTGAATCTGCCTGTGGATGCTGCTTCATACATCAGGCAATCCAACAATGCACAATGGGGCGTTATCTCCTCCTTGTTGCCTCTCTTCTTCTTTTCAACAACGTGACCAGTATGAATTTTGCATAAAAATCCGAATTTATCCCACACTTCATCTTCAAATTTTCTGGCCTCAGATTTGGACATCAGTACATCAATGAGCTTGATGTCCTTTCTCCCCTGAGAATCCAGGAGCCTCCTTATGTCTTCAGACCCTTGGCAGGTTAAGACCATATTTGGAGGTAAAAGCTCCAAAACCGCTGATGTTAACCCAGGCTGCACGTTGAAGAGATCTCCAATGTCAATACCATGGGAGTATTTGGAGTCCTGTTTGAACTGTTTGGCGTCTGTGGGTTCTCTGTAGAAGTGTATGTAAGCTCCTGTTTGTGGCTGGTAAAAGGCTATCTCCACGGGGTCCTCAGCTCTCCCTTCTATGTCAATCCACGTCTTGGCATTTGGATCCACGGCGGCCATCAGATCTTTAAGAGCTAGTATCTGAGACATTGTGAGACCAGAAGGCATCCCGTGTCCGGCCCCTTTGGGTTTAGCTGGACTCATCTGTTTGTTTTGGGACAGATCAATGGGTGGTCCGAGATCAACTACAGTATTGTCCCAAGCCCTTCCTGTCAGACTTGTTCTGCATGCTATATAAGGCCAACCGTTGCCAGAGAGACATACTTTGTACAGCAGATTTTCATATGGGTTTCTGTCGCCTGGTGTATCTGACACAAACATACTGTGGGCTCTTTTTACTTTCAACATAGAAGCTAATATGTCCTCCAAGTTTTGGGGAGTCACCTTCAATGTCTCAAGCATGTTACCACCATCTAGCATACATGCGCCTGCCTTCACTGCTGCACTCAAGCTGAAGTTGTACCCAGAGACATTGATAGATGATTTGGAAACATCAATAATGCTTAAGACTGGGTGTGCTTGAGTTAGTTTCTCAAGATCCATGGCATTAGGATACTTGGCTGCGTAAACTAGACCAAGATCAGTGAGAGATTGCACAACATCATTTAACTCATACTGTCCCTGTTTACTCATACAGGCTAGAGTGAGACTAGGCATAGTCCCAAACTGGTTGTTTAAGAGTGAGGAGTCTTTCACATCCCACACCCGCACCACTCCGTCTGCACCAGGCCTGGGTGCATTCCTCGCATTGCTAATGCCTATCATGTCCAGAAGCCGTTTTCTCTGATCAAGTTGTTGATTTGTTAGATTGCCCATATAGACACCAAGAGTTTGTGGTCTCTCAGTTCTCATCACTTTGTTCTTCAGTCTGTCCAAGTCAGCTGCGAGAACCAAGAGGTCGTCAGACGTTAGCTTCCCAACTCTCAAAACATTCTTCTGCTGTGTAGATTTCAGTTCAACAAGGTTGAACACTGCTTGGTTTAGGTCCCTTAGCCTCTTGAGGTCTGAGTCATTCCTTTTGTCTTTCCTCATGAGCCTTTGAATATTGGAGACTTCTGAGAAGTCCAGACTGTGCAGGAGAGACTGGGCATCCTTGATAATGGAGGATTTTACAGTACTACAGTACTGCCCAAGTTCTCTCCTGAGTGCCTGGGTCCAAAGGAATGACTTCACTTCTTTGGAATTGGCCATTGCTGGAGATTTTTGACAGTGAAAAAGCGCAATCAAATTGCCTAGGATCCACTGTGCG	GPC:60-61,GPC:68-71,GPC:77,GPC:204-214,GPC:332-333,GPC:389,GPC:461	GPC:V5I,GPC:V14I,GPC:A25T,GPC:V28L,GPC:V31I,GPC:L35V,GPC:F38V,GPC:A39M,GPC:V44I,GPC:V47I,GPC:T48S,GPC:R55K,GPC:T58S,GPC:G64D,GPC:V65T,GPC:N74D,GPC:M75L,GPC:M82L,GPC:L84M,GPC:T87S,GPC:K88R,GPC:I95V,GPC:M96F,GPC:V97F,GPC:E100G,GPC:T101S,GPC:L105M,GPC:L107F,GPC:T110D,GPC:I112L,GPC:I113L,GPC:S135G,GPC:I137V,GPC:S138T,GPC:S154A,GPC:K161N,GPC:V164I,GPC:S171N,GPC:Y172D,GPC:A173R,GPC:G174T,GPC:A177M,GPC:Q189D,GPC:T190A,GPC:M192Y,GPC:M194F,GPC:A195H,GPC:G198R,GPC:S199N,GPC:Q218K,GPC:I221V,GPC:T225I,GPC:T226S,GPC:E228A,GPC:F233M,GPC:S237T,GPC:Y241F,GPC:L242A,GPC:G243S,GPC:L244I,GPC:T249I,GPC:D251S,GPC:L259M,GPC:G260S,GPC:T265S,GPC:E270S,GPC:K272T,GPC:D273E,GPC:T274N,GPC:I286F,GPC:E287A,GPC:E289D,GPC:V298I,GPC:E303L,GPC:K304N,GPC:F316I,GPC:I323L,GPC:Q324K,GPC:R325T,GPC:L326F,GPC:A328S,GPC:A330V,GPC:Q331N,GPC:N338T,GPC:V341I,GPC:I358L,GPC:Y369F,GPC:H374D,GPC:T376R,GPC:T380V,GPC:L387M,GPC:S392T,GPC:D402E,GPC:Q406E,GPC:Q416R,GPC:M420Q,GPC:V435I,GPC:L442S,GPC:S444T,GPC:I445V,GPC:V450I,GPC:H471S,GPC:M472R,GPC:G473A,GPC:L479A,GPC:V485L,GPC:V487T	GPC:T59-,GPC:Y62-,GPC:E67-,GPC:E76-,GPC:G98-,GPC:I334-,GPC:V388-,GPC:S462-	GPC:199:ITYIAQ	G6A,A27G,T33G,T45A,A52G,C66T,T76C,A102T,C111T,C136T,T150C,C156G,T171C,T176C,A181C,G205C,G216A,C282T,G287T,T294C,T309A,A339T,G348A,A369C,T394G,C414A,T420C,T423C,C424T,C456A,C486T,T501C,A504G,A534C,C570T,C573T,T597C,A606T,C636T,A639T,C648T,C651T,T658C,T666C,T678C,C687T,G696A,A711T,T714C,C747T,C762T,G768A,A780C,T796C,C813T,C834T,C837T,T838C,A861G,T876C,T888A,C903T,G972A,G981A,C1030T,C1032G,G1044A,A1056G,C1065A,A1068G,A1146G,G1164A,A1188G,A1200T,A1209T,G1212A,C1227T,A1233C,A1254G,C1257T,C1282T,T1284G,A1287T,G1290A,T1345C,A1386G,C1389T,G1404A,C1413T,T1428C,G1437C,A1446G,G1463A,A1475G		G13A,G15A,A18C,T39C,G40A,C69G,T75C,G78A,A84C,C85T,T87G,A90T,T112G,T114C,G115A,C116T,C117G,G120T,C126T,C129G,C135A,A141T,A142T,A144C,C147T,C153A,A162G,G164A,A168C,A174T,G177T,-179A,A189G,G191A,G192C,G194C,C195A,A206T,A207C,C209T,G219T,A220G,A223C,G225C,A227T,G228C,C243A,A244T,C250A,A252G,C260G,A261C,A262C,A263G,A271T,G272C,T273A,A283G,A285C,A286T,G288C,G289T,T297C,A299G,A301T,A303T,G306C,C307T,A312G,T313A,C318A,A321C,C324T,A328G,C329A,A330T,A331T,G332C,C333A,A334C,A337C,T363A,T366C,C372T,T387C,C390T,C393T,T396G,C399A,A403G,C408T,A409G,T412A,C429A,C435G,G447A,T450C,G453A,A460G,G461C,G477A,T480G,G483T,G495A,C502T,T507C,C512A,T514G,G517C,C518G,G520A,G521C,G529A,C530T,C531G,T537C,G549A,A552T,G561A,C565G,A567T,A568G,A574T,T575A,G576T,A580T,G582C,G583C,C584A,T591C,G592A,G594A,G596C,T603C,A611C,T613A,C614A,G616T,T618G,G622C,A625C,G635C,A637G,C645A,C652A,A654G,A661G,C663T,C674T,A675T,C677G,A683C,G684T,C690T,T697A,C699G,G702A,T709A,T720C,A722T,C724G,T725C,G727A,G729C,C730A,C732T,C735G,T736A,C737G,A742C,C746T,A750G,G751A,A752G,A763T,G764C,C765A,A769C,C775A,G778A,A789T,A793T,A795T,G798A,A801C,T805A,C806G,G808T,A809C,A815C,A816T,A819G,C821A,C822T,A828T,T831C,A840C,A855T,A856T,A860C,A867C,C868T,G882A,A891C,G892A,G894T,T906C,G907C,A908T,A912T,G921A,A924G,T927C,T930C,C937T,T946A,A967T,T969G,C970A,G974C,G978C,G982T,T984G,C989T,C991A,A993C,A997G,G998T,T1002A,G1005A,C1008A,A1013C,C1014A,A1017G,A1020G,G1021A,C1023T,A1035C,T1047C,A1050T,C1059T,T1062C,C1063T,A1072C,T1074A,C1080T,A1083C,A1086T,C1089T,C1098T,A1099T,G1100C,C1101A,A1106T,C1116A,C1120G,C1127G,C1128A,C1134T,A1138G,C1139T,T1140C,A1143T,A1149T,A1152G,C1159A,T1161G,T1170C,A1173G,T1174A,C1182A,C1206G,A1215G,C1216G,T1221A,C1246A,A1247G,G1248A,G1251A,A1258C,T1259A,T1260A,T1263A,C1296T,G1299T,G1303A,G1305T,C1308T,C1320T,T1325C,G1326A,G1331C,C1332A,A1333G,T1335G,T1341C,A1347C,G1348A,C1350A,A1356T,T1362G,T1365C,G1368A,T1374C,C1385G,A1395G,C1398A,G1407A,C1411A,A1412G,T1415G,G1416A,G1418C,C1419A,T1422C,G1434T,C1435G,T1436C,C1440T,A1449G,G1453C,T1458C,G1459A,T1460C,G1461C,A1464G,A1471C,A1473C	94	0	328	422		NODE_0000020	G6A,G13A,G15A,A18C,A27G,T39C,G40A,G51A,G54C,C69G,T72C,G73A,A75C,T76C,G78A,A84C,A90T,C94T,A102T,C103G,C111T,T114C,G115A,C116T,C117G,A120T,C126T,C129G,C135A,C136T,G139A,C141T,A142T,C147T,T150C,C151T,A162G,G164A,T168C,A174T,G177T,-179A,A181C,A189G,G191A,G192C,G193A,T194C,C195A,G201A,A204T,A206T,A207C,C209T,G213T,G216A,G219T,A220G,A223C,G225C,A227T,G228C,C243A,A244T,C250A,A252G,C260G,A261C,A262C,A263G,G264A,A271T,G272C,T273A,T279C,C282T,A283G,A286T,G287T,G288C,G289T,T297C,A299G,G300A,A301T,A303T,G306C,C307T,G309A,C313A,C318A,C319T,G321C,C324T,A328G,C329A,A330T,A331T,G332C,C333A,A334C,C336T,A337C,C339T,G348A,C357T,T363A,T366C,T369C,C372T,G375A,T387C,C390T,C393T,T396G,C399A,A403G,C408T,A409G,T412A,C414A,T423C,C424T,C429A,T432C,C435G,G447A,T450C,G453A,A460G,G461C,T462C,G477A,G483T,C486T,T489C,G490A,G492T,G495A,C502T,A504G,T507C,C512A,T514G,G517C,C518G,T519A,G520A,G521C,G529A,C530T,C531G,A546T,T549A,A552T,G561A,C565G,G567T,A568G,C570T,C573T,A574T,T575A,G576T,A580T,G582C,G583C,C584A,T591C,G592A,G594A,G596C,T603C,A606T,A611C,T613A,C614A,G616T,A618G,A620G,T621A,G622C,A625C,G635C,C636T,A637G,A639T,C645A,C652A,A654G,A661G,C663T,G669A,C674T,A675T,C677G,A683C,A684T,C687T,C690T,C693T,G696A,T697A,C699G,T709A,T720C,A722T,C724G,T725C,G727A,G729C,C730A,C732T,C735G,T736A,C737G,A738C,G741A,A742C,A744G,C746T,C747T,A750G,G751A,A752G,A763T,G764C,T765A,G768A,A769C,C775A,G778A,A780C,A789T,A793T,A795T,G798A,A801C,T805A,C806G,G808T,A809C,C813T,A815C,C821A,A822T,A828T,T831C,C834T,A840C,G846A,A855T,A856T,A860C,A867C,C868T,G873A,G882A,T891C,G892A,G894T,A897C,C903T,T906C,G907C,A908T,A912T,G921A,A924G,T930C,C937T,A945T,T946A,A967T,A969G,C970A,G972A,G974C,G975A,G978C,G982T,T984G,C989T,C990T,C991A,A993C,A997G,G998T,C1002A,G1005A,G1008A,C1011T,A1013C,C1014A,A1017G,A1020G,G1021A,C1023T,T1029C,C1030T,A1032G,A1035C,T1041C,G1044A,G1047C,C1059T,T1062C,C1063T,G1065A,A1072C,C1074A,C1080T,T1083C,A1086T,C1089T,C1098T,A1099T,G1100C,C1101A,A1106T,C1113T,C1116A,C1120G,C1127G,C1128A,G1134T,A1138G,C1139T,A1140C,A1143T,A1146G,A1149T,A1152G,C1159A,T1161G,G1164A,T1170C,T1174A,A1176C,C1179T,C1191T,C1194T,A1200T,C1206G,G1212A,A1215G,C1216G,T1221A,C1227T,A1233C,G1239A,C1243T,C1246A,A1247G,G1251A,A1254G,C1257T,A1258C,T1259A,G1260A,T1263A,A1278C,T1281A,A1287T,T1288C,G1290A,C1296T,G1303A,C1305T,C1308T,T1317C,C1324T,T1325C,G1326A,G1331C,C1332A,A1333G,T1335G,T1341C,T1345C,A1347C,G1348A,C1350A,A1356T,C1362G,T1365C,G1368A,T1374C,A1383G,C1385G,A1386G,C1389T,A1395G,C1398A,G1404A,G1407A,C1411A,A1412G,C1413T,T1415G,G1416A,G1418C,C1419A,T1422C,T1428C,C1435G,T1436C,G1437C,C1440T,A1446G,T1449G,T1452A,G1453C,G1455A,T1458C,G1459A,T1460C,G1461C,G1463A,A1464G,A1471C,A1473C,A1475G	175,183-184,199,226,291-293,1000,1162-1163,1384	GPC:V5I,GPC:V14I,GPC:A25T,GPC:L35V,GPC:A39M,GPC:V47I,GPC:T48S,GPC:R55K,GPC:G64D,GPC:V65T,GPC:N74D,GPC:M75L,GPC:M82L,GPC:L84M,GPC:T87S,GPC:K88R,GPC:I95V,GPC:R96F,GPC:V97F,GPC:E100G,GPC:T101S,GPC:L105M,GPC:L107F,GPC:T110D,GPC:I112L,GPC:I113L,GPC:S135G,GPC:I137V,GPC:S138T,GPC:S154A,GPC:K161N,GPC:V164I,GPC:T171N,GPC:Y172D,GPC:A173R,GPC:G174T,GPC:A177M,GPC:Q189D,GPC:T190A,GPC:M192Y,GPC:M194F,GPC:A195H,GPC:G198R,GPC:S199N,GPC:Q218K,GPC:I221V,GPC:T225I,GPC:T226S,GPC:E228A,GPC:F233M,GPC:S237T,GPC:Y241F,GPC:L242A,GPC:G243S,GPC:L244I,GPC:T249I,GPC:D251S,GPC:L259M,GPC:G260S,GPC:T265S,GPC:E270S,GPC:N272T,GPC:T274N,GPC:I286F,GPC:E287A,GPC:E289D,GPC:V298I,GPC:E303L,GPC:K304N,GPC:F316I,GPC:I323L,GPC:Q324K,GPC:R325T,GPC:L326F,GPC:A328S,GPC:A330V,GPC:Q331N,GPC:N338T,GPC:V341I,GPC:I358L,GPC:Y369F,GPC:H374D,GPC:T376R,GPC:T380V,GPC:L387M,GPC:S392T,GPC:D402E,GPC:Q406E,GPC:Q416R,GPC:M420Q,GPC:D421E,GPC:V435I,GPC:L442S,GPC:S444T,GPC:I445V,GPC:V450I,GPC:H471S,GPC:M472R,GPC:G473A,GPC:L479A,GPC:V485L,GPC:V487T,GPC:R488K	GPC:T59-,GPC:Y62-,GPC:E67-,GPC:E76-,GPC:G98-,GPC:I334-,GPC:V388-,GPC:P462-	GPC:60-61,GPC:68-71,GPC:77,GPC:200-214,GPC:332-333,GPC:389,GPC:461		24	0	good	0	4	0	good	0	12	426	3550	bad	430	6-1474:422	50	mediocre	422	GPC:60-61,GPC:68-71,GPC:77,GPC:204-214,GPC:332-333,GPC:389,GPC:461	7		0	525	bad		0	0	good	0				
10	NC_038367.1 |Mammarenavirus solweziense	LIV_V	133456.250000	bad	451	9	1943	6	0	0	112	5	1	17	4497	1	1476	1	false	A6C,A12T,A18C,C24T,A30G,T36C,T39C,G40A,A43G,A45G,T63A,T72C,G73A,A75G,T81C,G82T,A84G,A90C,G91A,G93T,A99G,T102G,C103G,G105A,T111C,T112A,A117C,G120T,C126G,C127A,G130A,T136C,G138A,G139A,C141T,A142G,T144C,C147T,C148T,C150G,C151T,G153T,T154C,T162G,T168A,A172T,T183C,T186C,A189G,G191A,G192T,G193A,T194A,T198C,G199A,G201C,C202T,C205T,A206C,G207C,A208C,C209A,C211G,G213A,A216T,A219G,A220G,C222T,G225A,G226T,A227T,G228C,A229T,T237C,A238T,T249A,C252G,C255A,C260G,A261C,G264A,C270T,A271T,G272C,T273A,T276C,T282C,A285T,A286T,T287A,G288C,G289C,G291C,G292A,G293A,C294G,G300A,A306G,A309T,G315A,C318A,G321A,C324G,G330C,A331C,G332C,C333T,A334G,T336G,A337T,T339G,T342C,A348G,T351C,T361A,C362G,A376C,C390T,G394T,T399C,G404C,C405A,A408T,T412A,T417G,C420T,T424C,G426T,C429T,C432T,C435A,C441T,G453A,A456C,C462T,C465T,T471C,T474C,G477T,A480C,G483T,T486C,G488C,T489A,G504A,G506C,C510T,A511G,C513A,A515C,T516A,C518T,T519G,G520A,G521C,G522A,C534T,T537C,T543C,T546C,G547C,T549C,T558G,T562C,A564T,C565G,G567C,T570A,T573C,G576A,A577C,G578C,G582T,T585A,G589T,T591G,G594C,C597A,T598A,G604T,T608A,T609C,A615T,G617A,C619A,G620A,G630A,G631T,A632T,T636C,A637T,T638A,T641A,A646T,G647C,T648A,T651C,C652A,T657C,G660T,A661G,A663G,C666T,C674T,G685C,T687C,C690T,C693T,C694G,T697C,C699A,G702A,A705G,A708T,T709A,T711A,C714A,T720A,T725A,C726T,G728A,G729C,C732T,C735G,A738T,A741G,G743A,G744A,C746T,G749A,G751A,T753C,T756C,T761C,T762C,A763T,G764C,T765A,T772C,G774A,A777T,A783T,A789T,A795G,A801T,T805A,C806G,T807C,G808T,A809C,T813A,A814G,A815C,A816T,C819A,A825T,G828T,T834C,C838T,C843T,C853A,A855C,A856C,A860C,G861T,T864A,A867C,C868T,A873G,C876T,G894T,A897G,A900G,T903C,T906C,G907T,A908T,G912T,T927C,C933T,C937T,G945C,T946A,C951T,A960G,C966G,A967G,T969G,C970A,A972C,G974A,G975A,G978C,A981G,G982A,C983T,T984G,A990G,T995A,G996T,A997T,G998C,C999T,A1000T,T1002G,C1003A,G1005T,C1011T,A1013C,C1014T,A1017G,A1020T,A1023T,T1029G,T1030C,G1032C,T1047A,A1048T,A1050T,G1053A,C1059T,T1062C,C1063T,A1065G,C1066A,A1072C,C1074G,T1083A,A1086G,C1089T,T1092C,T1095C,C1098T,A1099T,G1100C,C1101A,A1103G,A1106T,C1113T,C1116G,C1119T,C1120G,A1125G,C1127G,T1128A,C1130A,G1136A,A1140T,A1143T,C1149A,T1155C,C1159A,T1161G,G1162A,A1164T,T1165A,C1166A,T1173A,T1174A,A1176C,C1179T,G1188A,C1191A,C1192G,C1194A,T1197C,T1198A,C1199G,T1200C,G1201A,T1206G,A1212G,C1216G,A1218G,T1221A,T1227C,C1233A,G1239A,A1245G,G1254A,T1257C,G1260C,G1261C,G1263A,G1269A,G1270A,G1272C,A1274C,G1275A,A1281T,T1287A,C1288T,A1290G,C1296T,C1299G,G1305T,A1309T,G1310C,T1311C,A1314G,T1317C,T1326C,T1329A,C1332T,A1333G,C1335A,C1338T,C1339T,T1341G,C1345T,A1347G,G1348A,A1356T,T1362C,T1365C,A1366C,T1371C,T1374C,G1375A,T1376C,C1380T,A1381C,A1382G,G1383A,T1384C,G1386C,T1389C,A1395G,C1401T,T1410C,C1411T,A1412C,T1413G,G1418C,T1426A,C1427G,C1428T,A1434T,C1435G,T1436C,C1437T,A1443G,G1446A,T1449A,T1452C,G1453C,G1455C,T1458A,G1459A,T1460C,G1461A	179-181,223,574,586-587,722,1246	0:CGCTGCTTTTTCTTGGAACTTTAACCAGAGTCCTTGTGCAAACGTCGGCATTGATTGCCTTCAGCTTCTAAGA,231:T,610:TGTAT,613:ATAC,624:A,633:CT,732:G,1251:G,1476:GCCTCTGAACAGACTCTCCTGATGGAGGCCCCCGTGACCACCGCCTTTTGGCGGTGGGTCACGGGGGTGTGCTTTACAGCACAACCTTGTCTGCAACTTTTCTGAAGATGAGATCTATGGGGAGAATTGGTCTGATAGTTTGACCTTGGAACCCTCCACTCACTGCTGCTTCGTACATGATGCAATCAAACAATGCACAATGAGGTGTGATTTCCTCCTTGCCTTTCTTCTTTCGCTCAAACACAATCCCTGTGTGCATCTTGCATCTTGACTTGTACTGATCCCAAACTTCATTTTCATACCTCCTTGCATCAGACTTCGTCATAGCAACATCTATCAGTTTGATGTCTCGCCTTCCCTGTGAATCAAGGAGCTTCCTGATGTCTTCTGATCCTTGGCATGTTAGGACCATGTTGGCAGGCAAAACTTCAAGAACTGCAGATGTGAGCCCTGGCTGAACATTGAACAAATCTTTGATGTCCATCCCATGTGAATATTTAGCATCTTGTTTGAATTGTCGAAGGTCTGTAGGCTCCCGATAAAAGTGTATGTAATTCCCGGTTGTTGGTTGATAGATGGCCACTTCCACTGGGTCCTCTGGACGCCCTTCAATGTCAATCCAAGTCTTAGCATTGGGATCCACTGATTCCATCAGATCTTTAAGACACATGATCTGTGAGAAGCTGAGGCCAGTGGTGTTAACGGCAGTCACCCTGTTTTTTGATGGAGTTGCGTTGGGACTTGTAGACGGGGACCCAGTGTCAAGGTCAACCACAGTGTTGTCCCAAGCTCTCCCTTGAAGATTTGTTCTACAAGATATGTAAGGCCAACTATCTCCAGACAGACAAACCTTGTACAGAATGTTTTCATAAGGATTTCTGTCTCCAGGAGTATCAGACACAAACATGCCCATGCCTTTCTTAGCTTTGAGCATTGACGTCAGTATGTCCTCCAGATTTTTGGGGGTAACCTTTATAGTTTCCAGCATGTTCCCTCCTTCCAGCATGCATGCCCCAGCCTTAACAGCAGCACCCAAACTGAAATTGTATCCGGATATGTTCAGTGATGACTTCTCCGGATCAATGATGCTCAAGGAAGGATGCTCCTGCGTGAGTTTAATCAAGTCAGATGCGTTCGGGTACTTAGCTGTGTAGATCAACCCAAGGTCAGTCAAAGCCTGCACCACATCATTCAGATCATGTTGGCCTTGTTTGCTCATGCATGCTAAGGTAAGACTTGGCATCGTTCCAAATTGGTTGTTAAGCAGGCTTGAATCTTTGACATCCCACACTCTCACAATCCCATCGCCTCCCGGTCTCAGATTGTTTGTTCTTCCACTCATGCCTACCAGATTGAGTAAACGCTTTCTCTGTTCAAGCTGTTGTGATGTGAGATTCCCCATGTACACACCCGTTGATTGAGGTCGTTCAGTCCTGATGATCTTGGACTTGAGCTTCTCCAAGTCTGCAGCAAGGATCAGCAAGTCATCTGATGAGAGTTTTCCCACCTTTAGCACATTCCTTTGTTGCACTGACCTCATTTCAACTATGTTGAACACAGCCTGATTGAGGTCTCTGAGTCTCTTTAGATCAGCATCGTTCCTTGTGTCTTTACGCATCATTCTCTGGACATTGGAAACTTCAGAAAAGTCAAGCCCGTGGAGGAGGGCTTGAGCGTCCTTAATGATGGACAACTTGACACTACTACAGAAAGGACTAAGTTCCCTCCTCAGTGCCTGTGTCCAGAGAAATGACTTCACTTCTTTGGACTGAGACATGACTGAGAAAGAGGACTGGGTACAGAAAATGCTCAATGGAAAACTTGTTGACATAAAATGCCTAGGATCCACTGTGCG	GPC:76-77,GPC:193-195,GPC:205,GPC:209-211,GPC:242-244,GPC:417	GPC:V14I,GPC:I15V,GPC:A25T,GPC:V28L,GPC:V31I,GPC:L35V,GPC:F38I,GPC:L43I,GPC:V44I,GPC:V47I,GPC:T48A,GPC:L51F,GPC:T58S,GPC:S60I,GPC:G64D,GPC:V65N,GPC:E67N,GPC:L68F,GPC:Q69S,GPC:T70H,GPC:L71V,GPC:E72D,GPC:N74D,GPC:M80L,GPC:T87S,GPC:M96Y,GPC:V97L,GPC:G98K,GPC:S111P,GPC:I112V,GPC:I113L,GPC:K126Q,GPC:A132S,GPC:S135T,GPC:S138T,GPC:K161N,GPC:S163T,GPC:S169T,GPC:S171G,GPC:Y172S,GPC:A173V,GPC:G174T,GPC:V183L,GPC:Q189D,GPC:G198R,GPC:S199N,GPC:A202I,GPC:L203P,GPC:I213Y,GPC:M214K,GPC:Q218K,GPC:I221V,GPC:T225I,GPC:D229H,GPC:Q232E,GPC:F233L,GPC:S237T,GPC:R248K,GPC:T249I,GPC:R250K,GPC:D251N,GPC:I254T,GPC:E270S,GPC:K272A,GPC:D273E,GPC:L285I,GPC:I286L,GPC:E287A,GPC:E289D,GPC:E303L,GPC:K304N,GPC:F316I,GPC:I323V,GPC:Q324N,GPC:R325K,GPC:L326F,GPC:A328M,GPC:M332N,GPC:I334L,GPC:Q335N,GPC:N338T,GPC:I350F,GPC:M351I,GPC:I358L,GPC:K368R,GPC:Y369F,GPC:H374D,GPC:T376R,GPC:T377N,GPC:R379K,GPC:L387M,GPC:V388I,GPC:S389K,GPC:S392T,GPC:H398E,GPC:D401N,GPC:D402E,GPC:Q406E,GPC:M420I,GPC:E421Q,GPC:G424S,GPC:K425T,GPC:I445V,GPC:V450I,GPC:V459T,GPC:K461R,GPC:S462P,GPC:H471S,GPC:G473A,GPC:L479A,GPC:V485L,GPC:V487T	GPC:L61-,GPC:M75-,GPC:M192-,GPC:W196-,GPC:Q416-	GPC:199:ISHV	G9A,G48A,G66T,C129T,T369C,T393C,A495G,T561G,T612C,T624C,A639T,G669A,C672T,A678C,G696A,C723T,C747T,C759T,T796C,A840G,G870A,T879C,C882G,A921G,A939G,G987A,C1035A,G1080A,C1107T,C1131T,C1180T,A1182G,C1243T,T1320C,G1372A,T1392C,C1398T,C1405T,T1419C,A1422T,C1425T,G1463A		G6C,A12T,A18C,C24T,A30G,T36C,T39C,G40A,A43G,A45G,T63A,G73A,A75G,T81C,A82T,A84G,A90C,G91A,G93T,A99G,T102G,C103G,G105A,T111C,G112A,A117C,A120T,C126G,C127A,T136C,G138A,C141T,A142G,C148T,T150G,C151T,G153T,T162G,T168A,A172T,T183C,G191A,A192T,G193A,T194A,T198C,G199A,G201C,C202T,C205T,A206C,A207C,A208C,C209A,C211G,G213A,A216T,A220G,C222T,G225A,G226T,A227T,G228C,A229T,A238T,C249A,C252G,C255A,C260G,A261C,G264A,C270T,A271T,G272C,T273A,T282C,A285T,A286T,T287A,G288C,G289C,G291C,G292A,G293A,C294G,A306G,G309T,G315A,C318A,G321A,C324G,A330C,A331C,G332C,C333T,A334G,C336G,A337T,C339G,T342C,T361A,C362G,A376C,G394T,G404C,C405A,A408T,T412A,T417G,C420T,T424C,G426T,C429T,C435A,C441T,G453A,A456C,C462T,T474C,G477T,A480C,G483T,G488C,C489A,G506C,C513A,A515C,T516A,C518T,T519G,G520A,T521C,T537C,A546C,G547C,T549C,T558G,T562C,A564T,C565G,G567C,T570A,G576A,A577C,G578C,G582T,T585A,G589T,T591G,G594C,T597A,T598A,G604T,T608A,T609C,A615T,G617A,C619A,G620A,G630A,G631T,A632T,A637T,T638A,T641A,A646T,G647C,T648A,T651C,C652A,T657C,G660T,A661G,A663G,C674T,G685C,T687C,C690T,C693T,C694G,T697C,C699A,A705G,A708T,T709A,T711A,C714A,T720A,T725A,G728A,G729C,C732T,C735G,A738T,A741G,G743A,G744A,C746T,G749A,G751A,T756C,T761C,T762C,A763T,G764C,T765A,G777T,A783T,A789T,A795G,G801T,T805A,C806G,T807C,G808T,A809C,C813A,A814G,A815C,A816T,C819A,A825T,G828T,T834C,C838T,T853A,G855C,A856C,A860C,A861T,T864A,A867C,C868T,A873G,C876T,G894T,A897G,A900G,T903C,T906C,G907T,A908T,G912T,T927C,C933T,A945C,T946A,C951T,A960G,C966G,A967G,T969G,C970A,A972C,G974A,G975A,G978C,A981G,G982A,C983T,T984G,A990G,T995A,G996T,A997T,G998C,A1000T,T1002G,C1003A,G1005T,C1011T,A1013C,C1014T,A1017G,A1020T,G1023T,C1029G,T1030C,A1032C,A1048T,A1050T,G1053A,C1059T,T1062C,C1063T,C1066A,A1072C,C1074G,T1083A,A1086G,C1089T,C1098T,A1099T,G1100C,C1101A,A1103G,A1106T,C1116G,C1119T,C1120G,A1125G,T1127G,C1128A,C1130A,A1140T,A1143T,T1149A,C1159A,T1161G,G1162A,A1164T,T1165A,C1166A,T1173A,T1174A,A1176C,G1188A,C1191A,C1192G,C1194A,T1198A,C1199G,G1201A,T1206G,C1216G,A1218G,T1221A,C1233A,G1239A,T1245G,G1260C,G1261C,G1263A,G1269A,G1270A,G1272C,A1274C,G1275A,T1287A,C1288T,C1296T,C1299G,G1305T,A1309T,G1310C,A1314G,T1317C,T1329A,C1332T,A1333G,T1335A,C1338T,C1339T,T1341G,C1345T,A1347G,G1348A,A1356T,T1362C,T1365C,A1366C,T1371C,T1374C,G1375A,T1376C,C1380T,A1381C,A1382G,G1386C,T1389C,A1395G,C1401T,T1410C,C1411T,A1412C,T1413G,G1418C,T1426A,C1427G,G1434T,C1435G,T1436C,C1437T,A1443G,T1449A,T1452C,G1453C,G1455C,T1458A,G1459A,T1460C	42	0	391	433		NODE_0000078	G6C,G9A,A12T,A18C,A27G,A30G,T36C,T39C,G40A,A43G,A45G,G48A,T63A,T72C,G73A,A75G,T76C,A82T,A84G,T85C,G87A,A90C,G91A,G93T,T102G,C103G,G105A,G112A,A120T,C126G,C127A,C129T,C135T,T136C,G138A,G139A,C141T,A142G,C147T,C148T,T150G,C151T,A153T,A162G,T168A,A189G,G191A,G192T,G193A,T194A,C195T,T198C,G199A,G201C,C202T,C205T,A206C,G207C,A208C,C209A,C210T,C211G,G213A,G216T,A220G,C222T,G225A,G226T,A227T,G228C,A229T,A238T,C249A,C252G,C255A,C260G,A261C,G264A,C270T,A271T,G272C,T273A,A285T,A286T,G287A,G288C,G289C,G291C,G292A,G293A,C294G,G300A,G309T,G312A,G315A,C318A,C319T,G321A,C324G,A330C,A331C,G332C,C333T,A334G,C336G,A337T,C339G,T342C,C357T,T360G,T361A,C362G,T369C,G375A,A376C,T384C,C390T,G394T,G404C,C405A,A408T,T412A,T417G,C420T,G426T,C429T,C435A,C441T,G453A,A456C,C468T,T474C,G477T,G480C,G483T,G488C,T489A,G506C,C510T,A511G,C512G,T513A,A515C,T516A,C518T,T519G,G520A,G521C,C534T,A546C,G547C,T549C,T558G,T561G,G564T,C565G,G567C,C570A,G576A,A577C,G578C,G582T,T585A,G589T,T591G,G594C,C597A,T598A,G604T,T608A,T609C,A615T,G617A,C619A,G624C,G630A,G631T,A632T,A637T,T638A,C639T,T641A,C645T,A646T,G647C,T648A,T651C,C652A,T657C,G660T,A661G,A663G,C666T,G669A,C672T,C674T,G685C,C690T,C693T,C694G,G696A,T697C,C699A,A705G,A708T,T709A,T711A,C714A,T717C,T720A,T725A,G728A,G729C,C732T,C735G,A738T,G743A,C746T,C747T,G749A,G751A,T756C,C759T,T761C,T762C,A763T,G764C,T765A,G768A,G774A,G777T,A783T,A789T,A795G,A801T,C804T,T805A,C806G,T807C,G808T,A809C,C813A,A814G,A815C,C819A,A825T,A828T,T831A,C838T,A840G,C843T,T853A,G855C,A856C,A860C,G861T,T864A,A867C,G870A,A873G,C876T,T879C,G894T,A897G,A900G,T906C,G907T,A908T,A912T,C933T,C937T,A945C,T946A,C951T,C966G,A967G,A969G,C970A,G972C,G974A,G975A,G978C,A981G,G982A,C983T,T984G,A990G,T995A,G996T,A997T,G998C,C999T,A1000T,C1002G,C1003A,G1005T,C1006T,C1011T,A1013C,C1014T,A1017G,A1020T,G1023T,T1029G,A1032C,T1041C,G1044A,G1047A,A1048T,G1053A,C1059T,T1062C,C1063T,C1066A,A1072C,C1074G,G1080A,T1083A,A1086G,C1089T,T1095C,C1098T,A1099T,G1100C,C1101A,A1103G,A1104G,A1106T,C1107T,C1113T,C1116G,C1119T,C1120G,A1125G,T1127G,C1128A,C1130A,G1136A,A1140T,A1143T,T1144C,A1146G,C1149A,C1159A,T1161G,G1162A,G1164T,T1165A,C1166A,C1173A,T1174A,A1176C,C1179T,C1180T,A1182G,T1185C,G1188A,C1191A,C1192G,C1194A,T1197C,T1198A,C1199G,T1200C,G1201A,C1206G,C1216G,A1218G,T1221A,C1233A,A1236T,G1239A,C1243T,A1248G,G1260C,G1261C,G1263A,A1266G,G1270A,G1272C,A1274C,G1275A,C1287A,C1296T,T1299G,C1305T,A1309T,G1310C,A1314G,T1317C,T1320C,G1326C,C1329A,C1332T,A1333G,C1335A,C1338T,C1339T,T1341G,T1344C,A1347G,G1348A,G1353A,A1356T,T1365C,A1366C,A1368G,T1374C,G1375A,T1376C,G1377A,C1380T,A1381C,A1382G,A1386C,T1389C,A1395G,C1398T,C1401T,G1404A,C1405T,C1411T,A1412C,C1413G,G1418C,C1425T,T1426A,C1427G,C1435G,T1436C,G1437T,A1443G,T1449A,T1452C,G1453C,T1458A,G1459A,T1460C,G1461A,G1463A,A1475G	180-181,223,574,586-587,722,1246	GPC:V14I,GPC:I15V,GPC:A25T,GPC:I28L,GPC:V31I,GPC:L35V,GPC:V38I,GPC:L43I,GPC:V47I,GPC:T48A,GPC:L51F,GPC:X60I,GPC:G64D,GPC:V65N,GPC:E67N,GPC:L68F,GPC:Q69S,GPC:T70H,GPC:L71V,GPC:E72D,GPC:N74D,GPC:M80L,GPC:T87S,GPC:R96Y,GPC:V97L,GPC:G98K,GPC:S111P,GPC:I112V,GPC:I113L,GPC:K126Q,GPC:A132S,GPC:S135T,GPC:S138T,GPC:K161N,GPC:S163T,GPC:S169T,GPC:T171G,GPC:Y172S,GPC:A173V,GPC:G174T,GPC:V183L,GPC:Q189D,GPC:G198R,GPC:S199N,GPC:A202I,GPC:L203P,GPC:I213Y,GPC:M214K,GPC:Q218K,GPC:I221V,GPC:T225I,GPC:D229H,GPC:Q232E,GPC:F233L,GPC:S237T,GPC:R248K,GPC:T249I,GPC:R250K,GPC:D251N,GPC:I254T,GPC:E270S,GPC:N272A,GPC:D273E,GPC:L285I,GPC:I286L,GPC:E287A,GPC:E289D,GPC:E303L,GPC:K304N,GPC:F316I,GPC:I323V,GPC:Q324N,GPC:R325K,GPC:L326F,GPC:A328M,GPC:M332N,GPC:I334L,GPC:Q335N,GPC:N338T,GPC:I350F,GPC:M351I,GPC:I358L,GPC:K368R,GPC:Y369F,GPC:H374D,GPC:I376R,GPC:T377N,GPC:R379K,GPC:L387M,GPC:V388I,GPC:S389K,GPC:S392T,GPC:H398E,GPC:D401N,GPC:D402E,GPC:Q406E,GPC:M420I,GPC:E421Q,GPC:G424S,GPC:K425T,GPC:I445V,GPC:V450I,GPC:V459T,GPC:K461R,GPC:H471S,GPC:G473A,GPC:L479A,GPC:V485L,GPC:V487T,GPC:R488K,GPC:X492*	GPC:L61-,GPC:M75-,GPC:M192-,GPC:W196-,GPC:Q416-	GPC:76-77,GPC:193-195,GPC:201,GPC:205,GPC:207-211,GPC:241-244,GPC:417		24	0	good	0	4	0	good	0	12	435	3625	bad	439	6-1462:433	50	mediocre	433	GPC:76-77,GPC:193-195,GPC:205,GPC:209-211,GPC:242-244,GPC:417	6		0	450	bad		0	0	good	0				
5	NC_078697.1 |Mammarenavirus kwanzaense	LIII	126106.250000	bad	460	9	1954	1	0	0	108	4	0	2	4530	1	1476	1	false	A6T,A10G,A12T,G15C,C24T,G33A,T36C,G40A,A42C,A48G,G54C,T63A,T66C,C69A,T72A,G73A,A75T,G78A,T79A,T81C,G82C,A84T,C85A,A87C,G91A,G93T,C94T,T102A,C103A,G105C,C108T,T111C,T112C,T114G,G115A,C116T,A117G,G120A,C126G,C127A,T129A,G130A,T132A,T135A,T136C,G138C,G139C,C141T,C143T,C147T,C151T,G153C,T154C,G156T,T162G,G164A,G165A,T168A,C171T,A172T,A174G,A175G,C181G,T183C,T186C,A189G,G191A,G192C,G193A,T194A,T204G,C205A,A206T,A208C,C209A,C211T,G213A,A216G,C217T,A219G,A220G,G226A,A227G,A229T,C232T,C234G,A238G,T239C,G240A,T249A,C252T,C255T,A259T,A261C,G264A,A271T,G272C,T273G,T276C,T279C,T282C,A286C,T287A,G291T,G292T,G293T,G298A,A299C,G300A,C302G,A303T,A306G,A309T,A312G,C313T,C318A,T319C,G321T,C324G,G330A,A331T,G332C,C333A,A334C,A337C,T339G,A341C,T342G,C345T,T351C,C358T,T366C,C369T,A374G,A379G,C381T,C384T,C390T,G394A,T396A,A403T,G404C,C405G,A408T,C411A,A414C,T417A,C420T,T424C,G426C,T427A,C428A,C435A,C438T,T444C,G447A,T450C,G453A,A456T,A460T,G461C,C462G,C465T,T471C,G477C,A480G,G483A,T486C,G488C,G492T,C501T,G504C,A505T,G506C,T507C,G512A,T514A,A515C,C518T,T519G,G520A,G521C,G522T,T525A,A528T,T543C,T546A,A552C,G561C,T562C,A564T,C565G,G567A,T570C,T575G,G576A,A577C,G583A,G589T,G593T,A595T,T598G,C600G,T602C,T603A,G604C,C607T,T608A,C612G,T613A,C614T,A615T,C624G,T628A,G629C,C633T,A637G,T641A,G642A,A646C,G647C,T648A,T651C,C652A,T657C,G660T,A663C,A675C,C678G,T687C,C693T,A695T,A696C,T697A,C699G,G702A,G704A,A705C,C714A,A715G,C717A,T720C,T723C,C724T,C726G,G727T,G728C,G729A,C732T,C733T,C735G,T736G,G743A,A745G,T747A,G751A,T753C,T759C,T762C,A763T,G764C,T765A,T772C,G774T,C775T,A777G,C780G,C786T,A789T,A795T,G798C,T804C,A809C,A810T,T813G,A816T,A820T,C821T,A822G,G828T,A831T,T837C,G840A,A841C,C842A,C843G,A855G,A860C,G861T,T864A,A867C,C868T,A870G,A873G,G882A,A888T,G894C,A897C,T903C,T906C,G907C,G909A,A910C,G912A,G921A,T927C,C937T,G939A,A940C,C943T,C957T,C961G,C966T,T969C,C970A,A972G,G975A,G978A,A980G,A981G,C983T,A990T,C991G,T995A,G996A,T1002C,C1003A,A1004C,G1005C,C1011A,C1014T,A1017G,G1027T,T1029C,G1032A,A1035C,T1047C,A1050T,A1065G,C1066A,G1068A,A1072T,C1074A,A1080G,T1083A,A1086T,T1092C,A1099T,G1100C,C1101A,G1104A,A1106T,T1107C,C1119T,C1120G,A1125T,C1127G,T1128G,C1130G,G1134T,A1135C,G1136A,A1137G,A1140C,C1144T,C1149T,C1159A,T1160A,T1161G,A1164G,T1165A,T1173C,A1176T,G1188A,C1191A,C1194T,T1200A,T1203A,T1206G,T1209A,A1212G,A1215G,C1216G,A1218G,C1233T,T1236A,C1246A,G1248A,G1254A,A1258G,T1259A,G1261A,G1270A,G1272T,A1274C,G1275A,A1278G,A1281T,T1282C,G1284T,T1287G,A1290T,C1297T,C1299G,T1302C,G1303A,G1305C,C1308T,A1309T,G1310C,T1311A,A1314C,A1315T,G1316C,T1317C,T1326C,T1329C,G1331C,C1332T,A1333G,C1338T,T1341G,C1345T,C1350G,A1353G,A1356C,T1365C,A1366C,G1368A,T1374A,A1377T,C1380A,G1383A,T1384C,G1386A,T1389C,T1398C,C1401T,A1402C,A1404C,T1405C,G1407A,T1410C,T1413C,C1419T,A1420G,T1426A,C1427G,C1428T,A1434G,C1437G,G1446A,T1452A,G1455A,T1458A,G1459A,T1460C,G1461A,G1475A,A1476G	177-179,619-622,631-632	0:GCACCGGGGATCCTAGGCTTTTTTAATTGCGCCAATAATTAGGAGACCAAACACAGACCAGTGACGAGTGGAGGCGTGGTCTGAGGCCGAGGCCAACATCCATTGGCAGGCTTCCCATTTCCCCCAGCCAGA,594:TCA,1476:GTGCCAAGAGGCCCCCGTGACCCACCGCCATAAGGCGGTGGGTCACGGGGGCATCCGTCTACAGGATGACTTTTGGTGTGGTTGACCGGAAAACGAGGTCTTTGCTGAGCACAGGCCTTGGTGTCGGAATGTCAGTTCCATTTCTGACAGCTGCTTCAAACATCAAGCAGTCCAACAAAGCACAATGTGGTGTAATTTCTTCCTTTCCACCTCTCTTCTTCTTCTCAACAACAATGCCTGTGTGCATGGAACATAGGTGCTTGTATTCATCCCAGATTTGATTTTCAAACTTTCTCGCATCTGCCTTCTGCATTGAAACATCAATGAGCTTGATGTCCTTCCTCCCTTGTGACTCTAACAATTTGCGAACATCATCAGCACCTTGGCAAGTTAATACCATGTTCTTTGGAAGGTTTTCAAGAACAGCAGTGGTCAGTCCTGGTTGAGTTGTGAAAAGATCTTGGACATCAATTCCATGTGAGTACTTTGCATCCTGTCTGAACTGCTTAATATCAGTTGGTTCTCTATAGAAATGCAAGTAGTGCCCATTAACAGGCTGGTAAATTGCAATCTCAACAGGGTCATCGGGTCTACCTTCAATGTCAATCCAAGTTTTAGCATTGGGATCAATTTGAAGCATTGAATCTTTTAAATCCATCATCTGTGAATAAGTAAGTCCAGCAGCCAAGCCTGTGGCTCCTGCCACTCTGTTTGATGTTGGTGGATTACTGTTTCCATCAGGTTTAGGATTGCTACTTATGTCAACCTCCGTGTTGTCCCAAGCTCTCCCCACTATTGAAGTTCTGGAAGCAATGTAAGGCCATCCATCACCAGAAAGGCAGATTTTGTAGAGGATGTTCTCATAGGGATTCCTTTCCCCCGGGGTGTCCGATATGAACATTCCAACAGACCTCTTTACCTTGAGGATGGATTTCAGAACAAGATCCATGTTCTTTGGTGTAACCCTGATGGTTTCTAGCATGTTGCCCCCATCAAGAAGACTTGCCCCTGTTTTCACCGCTGCATTGAGGCTGAAGTTGTAGCCTGAAATGTTTATCGCACTTTTGTTGCCATCAATGAGGCTTAGAACAGGGTGTGTTTGCGTGAGCTTGTCTAAATCTGACAAATTCGGGTATTTTGCAGTGTAGACCAGCCCTAGATCTGTTAGTGCCTTGACAACGTCATTTAGATCTTCGCGACCTTGTTTGCACAAGCATGCCAGTGTAAGACTTGGAATGGTGCCAAACTGATTGTTAAGTAACTCTGGATTTCGTACATCCCAGACTCTCACTATACCATCCCCATTTTTGAGGGGAGGCCCCCTACCTCCCATTCCAACTAGCTGTAGAAGAGTCTTTCTCTGCTCCAGCTGCTGTTGTGTCAGGTTACCCATGTAAATTCCACCTGTTAAGGGCCTCTCTGATCTGTTGACCTTTGCTTTGAGTCTCTCAAGGTCAGCAGCCAAAATTAGGAGGTCATCTGAGGTGAGAGTCCCAATCCTCAGGACATTCTTTTGTTGAGTTGACTTGAGTTCTACAAGGTTGTTGACTGCTTGATTGAGGTCTCTCAGTCTCTTTAAGTCTGAGTCATCCCTCTTGTCCTTCCTCATTAGTCTTTGAACATTACTAACCTCAGAAAAGTCAAGGCCATGAAGAAGAGACTGTGCATCTTTGATGACTTGAGCACGAGTGTTTGTACAAAATCCTGAAAGTTCTCTCCGTAAAGACTGGGTCCAAAGGAACGATTTCACTTCCTTGGAATTGCTCATGTTTGAGTCTTTCGTATTGCGCAACCAGAAACGCCTAGGATCCACTGTGCG	GPC:209-210	GPC:I4V,GPC:V14I,GPC:A25T,GPC:S27T,GPC:V28L,GPC:L29I,GPC:V31I,GPC:L35I,GPC:F38L,GPC:A39M,GPC:L43I,GPC:V44I,GPC:V47L,GPC:T48I,GPC:L51F,GPC:R55K,GPC:T58S,GPC:T59A,GPC:S60V,GPC:G64D,GPC:V65N,GPC:Q69M,GPC:T70H,GPC:N74D,GPC:E76R,GPC:T77S,GPC:M80A,GPC:T87S,GPC:M96Q,GPC:G98F,GPC:E100T,GPC:T101S,GPC:I112L,GPC:I113L,GPC:N114T,GPC:K125R,GPC:N127D,GPC:A132T,GPC:S143N,GPC:S163T,GPC:S171N,GPC:Y172T,GPC:A173V,GPC:G174T,GPC:D175E,GPC:Q189E,GPC:M192R,GPC:A195T,GPC:G197C,GPC:G198V,GPC:Y200C,GPC:I201E,GPC:A202T,GPC:L203P,GPC:D204Y,GPC:S205E,GPC:G206I,GPC:I213V,GPC:M214K,GPC:S216P,GPC:Q218K,GPC:Q232L,GPC:F233M,GPC:R235N,GPC:I239V,GPC:G243S,GPC:S246A,GPC:R248K,GPC:T249A,GPC:D251N,GPC:E270A,GPC:K272N,GPC:T274L,GPC:T281Q,GPC:E287A,GPC:E289D,GPC:E303Q,GPC:K304Q,GPC:Q321E,GPC:Q324K,GPC:K327R,GPC:A328V,GPC:Q331E,GPC:M332K,GPC:Q335T,GPC:A343S,GPC:I358L,GPC:Y369F,GPC:H374D,GPC:T376R,GPC:T377S,GPC:R379Q,GPC:L387K,GPC:S389T,GPC:D401E,GPC:D402E,GPC:Q406E,GPC:Q416K,GPC:M420E,GPC:E421K,GPC:G424S,GPC:K425T,GPC:V435I,GPC:S444T,GPC:I445V,GPC:S462P,GPC:I474V,GPC:V487T	GPC:L61-,GPC:R207-,GPC:G208-,GPC:D211-		A27G,T45A,A51G,A52G,T76C,A96G,G99A,A144T,T150C,C195T,C199G,A201G,A210T,A228G,C237T,A288G,C336T,G348A,T360G,C399T,T423C,T432C,C468T,T513C,G534C,C540T,G549T,C573T,C585T,A606T,C636T,A639T,A645T,T658C,T666C,C672T,A744G,G768A,A819C,C834T,T838C,A846G,T876C,T879C,A891T,T945G,G960A,G987A,C1006T,C1008G,C1023A,C1030T,G1044A,A1056G,A1131T,A1146G,T1179C,C1180T,C1182G,T1185C,C1227T,G1245A,C1257T,T1260G,T1263G,A1269G,T1335C,T1344C,G1347A,C1371T,C1425T,A1449T,G1463A		G6T,A10G,A12T,G15C,T33A,T36C,G40A,T42C,T63A,C69A,C72A,G78A,T79A,A84T,C85A,T87C,C94T,A105C,C108T,T112C,T114G,G115A,C116T,C117G,C126G,C127A,C129A,T132A,C135A,G138C,A139C,C141T,C143T,C147T,T153C,A162G,G164A,G165A,A174G,A175G,A181G,A189G,G191A,G192C,G194A,C204G,C205A,A206T,A208C,C209A,C211T,T213A,C217T,A220G,G226A,A227G,A229T,C232T,C234G,A238G,T239C,G240A,C249A,A252T,C255T,A259T,A261C,A271T,G272C,T273G,A286C,G287A,G291T,G292T,G293T,G298A,A299C,C302G,A303T,A306G,C309T,A312G,C318A,T319C,G321T,C324G,A331T,G332C,C333A,A334C,A337C,A339G,A341C,C342G,C345T,C358T,T366C,A369T,A374G,A379G,C384T,C396A,A403T,G404C,C405G,C408T,C411A,T417A,C420T,T424C,G426C,T427A,C428A,C435A,T444C,G447A,T450C,G453A,A456T,A460T,G461C,C462G,G477C,T480G,G483A,G488C,A504C,A505T,G506C,T507C,G512A,T514A,A515C,C518T,A519G,G520A,G521C,A522T,T525A,A528T,T546A,A552C,G561C,G564T,C565G,G567A,T570C,T575G,G576A,A577C,G583A,G589T,G593T,A595T,T598G,C600G,T602C,T603A,G604C,C607T,T608A,C612G,T613A,C614T,A615T,T628A,G629C,C633T,A637G,T641A,G642A,A646C,G647C,T648A,T651C,C652A,G660T,A675C,T678G,A695T,G696C,T697A,C699G,G702A,G704A,A705C,T714A,A715G,T717A,T720C,T723C,C724T,T726G,G727T,G728C,C733T,C735G,T736G,G743A,A745G,C747A,G751A,A763T,G764C,C765A,G774T,A780G,C786T,A789T,A795T,G798C,T804C,A809C,A810T,C813G,A816T,A820T,C821T,C822G,A828T,T837C,A841C,C842A,C843G,A855G,A860C,A861T,T864A,A867C,C868T,G882A,G894C,T906C,G907C,G909A,A910C,G921A,T927C,G939A,A940C,C943T,C957T,C961G,C966T,T969C,C970A,G975A,G978A,A980G,C983T,C990T,C991G,T995A,G996A,T1002C,C1003A,A1004C,G1005C,C1011A,C1014T,G1027T,T1032A,A1035C,T1047C,A1050T,C1065G,G1068A,A1072T,C1074A,C1080G,A1086T,A1099T,G1100C,C1101A,A1106T,C1120G,A1125T,C1127G,C1128G,C1130G,C1134T,A1135C,G1136A,A1137G,T1140C,C1144T,A1149T,C1159A,T1160A,T1161G,T1165A,A1173C,C1176T,T1191A,T1203A,C1206G,A1215G,C1216G,A1218G,A1233T,G1236A,C1246A,G1248A,A1258G,T1259A,G1261A,G1270A,G1272T,A1274C,C1278G,A1281T,A1287G,A1290T,C1297T,T1302C,G1303A,G1305C,C1308T,A1309T,G1310C,C1311A,T1314C,A1315T,G1316C,T1317C,G1331C,C1332T,A1333G,C1338T,T1341G,C1350G,A1356C,T1365C,A1366C,G1368A,T1374A,G1377T,C1380A,G1383A,T1384C,C1401T,A1402C,G1404C,G1407A,C1419T,A1420G,T1426A,C1427G,A1434G,T1458A,G1459A,T1460C,G1461A,A1476G	73	0	354	427		NODE_0000020	G6T,G9A,A10G,A12T,G15C,A27G,G33A,T36C,G40A,T42C,G54C,T63A,T66C,C69A,T72A,G73A,A75T,T76C,G78A,T79A,A84T,T85A,G87C,C93T,C94T,G99A,C103A,G105C,C108T,G112C,T114G,G115A,C116T,C117G,C126G,C127A,C129A,T132A,C135A,G138C,G139C,C141T,C143T,C144T,C147T,T150C,C151T,A153C,G156T,A162G,G164A,G165A,T168A,C171T,A174G,A175G,A181G,A189G,G191A,G192C,G193A,T194A,C195T,A204G,C205A,A206T,A207G,A208C,C209A,C210T,C211T,G213A,C217T,A220G,G226A,A227G,A229T,C232T,C234G,C237T,A238G,T239C,G240A,C249A,A252T,C255T,A259T,A261C,G264A,A271T,G272C,T273G,T279C,C285A,A286C,G287A,G291T,G292T,G293T,G298A,A299C,G300A,C302G,A303T,G309T,C313T,C318A,G321T,C324G,A331T,G332C,C333A,A334C,C336T,A337C,C339G,A341C,C342G,C345T,G348A,C357T,C358T,T360G,T366C,A374G,G375A,A379G,C390T,G394A,T396A,C399T,A403T,G404C,C405G,C408T,C411A,T417A,C420T,T423C,G426C,T427A,C428A,T432C,C435A,C438T,T444C,G447A,T450C,G453A,A456T,A460T,G461C,T462G,C468T,G477C,G483A,G488C,G492T,C501T,A504C,A505T,G506C,T507C,C512A,T513C,T514A,A515C,C518T,T519G,G520A,G521C,A522T,T525A,A528T,C537T,A552C,G561C,G564T,C565G,G567A,C573T,T575G,G576A,A577C,G583A,G589T,G593T,A595T,T598G,C600G,T602C,T603A,G604C,A606T,C607T,T608A,C612G,T613A,C614T,A615T,A618C,T628A,G629C,C633T,C636T,A637G,A639T,T641A,G642A,C645T,A646C,G647C,T648A,T651C,C652A,G660T,G669A,C672T,A675C,C678G,C693T,A695T,G696C,T697A,C699G,G704A,A705C,C714A,A715G,T717A,T720C,T723C,C724T,T726G,G727T,G728C,G729A,C732T,C733T,C735G,T736G,G741A,G743A,A744G,A745G,C747A,G751A,T762C,A763T,G764C,T765A,G768A,G774T,C775T,A780G,C786T,A789T,A795T,G798C,A809C,A810T,C813G,G819C,A820T,C821T,A822G,A828T,C834T,T837C,A841C,C842A,C843G,A855G,A860C,G861T,T864A,A867C,C868T,T879C,G882A,A888T,G894C,A897C,T906C,G907C,G909A,A910C,G921A,C937T,G939A,A940C,C943T,A945G,C957T,G960A,C961G,C966T,A969C,C970A,G975A,G978A,A980G,A981G,C983T,G987A,C990T,C991G,T995A,G996A,C1003A,A1004C,G1005C,C1006T,C1011A,C1014T,A1017G,C1023A,G1027T,T1029C,C1030T,A1035C,T1041C,G1044A,G1047C,G1068A,A1072T,C1074A,C1080G,T1083A,A1086T,A1099T,G1100C,C1101A,A1106T,C1120G,A1125T,C1127G,C1128G,C1130G,A1131T,G1134T,A1135C,G1136A,A1137G,A1140C,C1144T,A1146G,A1149T,C1155T,C1159A,T1160A,T1161G,T1165A,G1173C,A1176T,C1180T,A1182G,T1185C,G1188A,C1191A,C1194T,T1203A,C1206G,T1209A,A1215G,C1216G,A1218G,C1227T,A1233T,C1243T,G1245A,C1246A,C1257T,A1258G,T1259A,G1261A,T1263G,A1266G,A1269G,G1270A,G1272T,A1274C,G1275A,A1278G,T1282C,G1284T,A1287G,T1288C,G1290T,C1297T,T1299G,T1302C,G1303A,C1308T,A1309T,G1310C,C1311A,A1314C,A1315T,G1316C,T1317C,T1320C,G1326C,G1331C,C1332T,A1333G,T1335C,C1338T,T1341G,T1344C,C1350G,A1356C,C1362T,T1365C,A1366C,G1368A,C1371T,T1374A,G1377T,C1380A,C1401T,A1402C,G1404C,G1407A,C1419T,A1420G,C1425T,T1426A,C1427G,T1434G,T1452A,G1455A,T1458A,G1459A,T1460C,G1461A,G1463A,A1476G	177,619-622,631-632	GPC:I4V,GPC:V14I,GPC:A25T,GPC:S27T,GPC:L29I,GPC:L35I,GPC:V38L,GPC:A39M,GPC:L43I,GPC:V47L,GPC:T48I,GPC:L51F,GPC:R55K,GPC:T59A,GPC:-60V,GPC:G64D,GPC:V65N,GPC:Q69M,GPC:T70H,GPC:N74D,GPC:E76R,GPC:T77S,GPC:M80A,GPC:T87S,GPC:R96Q,GPC:G98F,GPC:E100T,GPC:T101S,GPC:I112L,GPC:I113L,GPC:N114T,GPC:K125R,GPC:N127D,GPC:A132T,GPC:S143N,GPC:S163T,GPC:T171N,GPC:Y172T,GPC:A173V,GPC:G174T,GPC:D175E,GPC:Q189E,GPC:M192R,GPC:A195T,GPC:G197C,GPC:G198V,GPC:Y200C,GPC:I201E,GPC:A202T,GPC:L203P,GPC:D204Y,GPC:S205E,GPC:G206I,GPC:I213V,GPC:M214K,GPC:S216P,GPC:Q218K,GPC:Q232L,GPC:F233M,GPC:R235N,GPC:I239V,GPC:G243S,GPC:S246A,GPC:R248K,GPC:T249A,GPC:D251N,GPC:E270A,GPC:E273D,GPC:T274L,GPC:T281Q,GPC:E287A,GPC:E289D,GPC:E303Q,GPC:K304Q,GPC:Q321E,GPC:Q324K,GPC:K327R,GPC:A328V,GPC:Q331E,GPC:M332K,GPC:Q335T,GPC:A343S,GPC:I358L,GPC:Y369F,GPC:H374D,GPC:T376R,GPC:T377S,GPC:R379Q,GPC:L387K,GPC:S389T,GPC:D401E,GPC:D402E,GPC:Q406E,GPC:Q416K,GPC:M420E,GPC:D421K,GPC:G424S,GPC:K425T,GPC:V435I,GPC:S444T,GPC:I445V,GPC:I474V,GPC:V487T,GPC:R488K	GPC:I61-,GPC:H207-,GPC:G208-,GPC:D211-	GPC:209-210		24	0	good	0	4	0	good	0	12	426	3550	bad	430	6-1475:427	50	mediocre	427	GPC:209-210	1		0	75	mediocre		0	0	good	0				
